timestamp,GRAD_btc,GRAD_eth
2021-06-04 07:00:00,10000.0,10000.0
2021-06-04 08:00:00,9962.286454845416,10000.0
2021-06-04 09:00:00,9961.28329081183,10000.0
2021-06-04 10:00:00,10028.251268189126,10000.0
2021-06-04 11:00:00,10009.435164424007,10000.0
2021-06-04 12:00:00,10061.92504466791,10000.0
2021-06-04 13:00:00,10069.787681687918,10051.413308765896
2021-06-04 14:00:00,9988.395832260128,9975.147757540184
2021-06-04 15:00:00,10047.501172617418,10038.337091507517
2021-06-04 16:00:00,10091.748840261038,10152.53110245142
2021-06-04 17:00:00,10071.441546716265,10096.957179103314
2021-06-04 18:00:00,9990.347935244405,10002.154603980072
2021-06-04 19:00:00,10216.43941838176,10284.296280336268
2021-06-04 20:00:00,10225.82035772287,10256.843653762571
2021-06-04 21:00:00,10217.903495619968,10270.142761087853
2021-06-04 22:00:00,10142.801755808185,10264.087580936955
2021-06-04 23:00:00,10221.129888052317,10350.866113651646
2021-06-05 00:00:00,10194.613822515881,10292.506064467238
2021-06-05 01:00:00,10232.273142587566,10328.651403650198
2021-06-05 02:00:00,10195.616986549468,10336.638297714264
2021-06-05 03:00:00,10245.314275024197,10439.762102001925
2021-06-05 04:00:00,9868.965087180377,10065.046751191534
2021-06-05 05:00:00,9892.037859952878,10069.578849218584
2021-06-05 06:00:00,9730.636900711163,9814.592612680217
2021-06-05 07:00:00,9774.179642277128,9820.9078312425
2021-06-05 08:00:00,9691.025477655197,9720.607301135624
2021-06-05 09:00:00,9666.16327714711,9649.022441314903
2021-06-05 10:00:00,9844.075774130839,9854.37848962261
2021-06-05 11:00:00,9778.436311284511,9763.847974115035
2021-06-05 12:00:00,9760.514921387186,9728.928530300047
2021-06-05 13:00:00,9767.699744870984,9742.116192591877
2021-06-05 14:00:00,9701.490918654243,9672.017266550516
2021-06-05 15:00:00,9716.728166948185,9776.366966206151
2021-06-05 16:00:00,9485.973326681724,9524.612635637894
2021-06-05 17:00:00,9506.172170060705,9564.547105958223
2021-06-05 18:00:00,9634.333153486808,9761.87911185738
2021-06-05 19:00:00,9648.052099459646,9771.500533078744
2021-06-05 20:00:00,9825.015657492686,9981.945904580763
2021-06-05 21:00:00,9805.575965274256,9966.343599897471
2021-06-05 22:00:00,9766.045879842639,9938.036561400642
2021-06-05 23:00:00,9787.627462835484,9963.148842271843
2021-06-06 00:00:00,9822.602641303787,10015.119376205
2021-06-06 01:00:00,9730.8266885013,9904.417309642595
2021-06-06 02:00:00,9809.561508867157,9994.27915494946
2021-06-06 03:00:00,9860.912662370234,10167.501885278483
2021-06-06 04:00:00,9821.491027104408,10122.55238845281
2021-06-06 05:00:00,9767.320169290708,10101.675018852786
2021-06-06 06:00:00,9735.978071376476,9998.142582775798
2021-06-06 07:00:00,9721.554199325983,9996.730945685407
2021-06-06 08:00:00,9663.099559963452,9889.112191715176
2021-06-06 09:00:00,9794.324260573212,10058.805829318217
2021-06-06 10:00:00,9813.547052460057,10110.776363251372
2021-06-06 11:00:00,9831.522667440278,10122.849575208682
2021-06-06 12:00:00,9772.037751502712,10007.801152341646
2021-06-06 13:00:00,9725.24150496295,9989.932798644828
2021-06-06 14:00:00,9699.511703128515,9944.128889896021
2021-06-06 15:00:00,9758.888168900288,10071.919194921078
2021-06-06 16:00:00,9748.070264862417,10091.087740674837
2021-06-06 17:00:00,9642.92782912592,10019.354287476179
2021-06-06 18:00:00,9703.307458931278,10074.742469101866
2021-06-06 19:00:00,9842.693034516977,10269.585535920593
2021-06-06 20:00:00,9950.329824066717,10378.541630292246
2021-06-06 21:00:00,9939.701707818986,10351.237597096486
2021-06-06 22:00:00,9868.802411931687,10351.237597096486
2021-06-06 23:00:00,9838.382140426696,10351.237597096486
2021-06-07 00:00:00,9846.543015402636,10351.237597096486
2021-06-07 01:00:00,9787.600350294037,10264.456261427436
2021-06-07 02:00:00,9803.10872400246,10275.48967610796
2021-06-07 03:00:00,9792.046807091558,10252.531257681818
2021-06-07 04:00:00,9846.16343982236,10364.388535806607
2021-06-07 05:00:00,9905.350117803991,10507.079935765865
2021-06-07 06:00:00,9865.71158220658,10452.432955984541
2021-06-07 07:00:00,9932.354209086498,10523.871529825117
2021-06-07 08:00:00,9849.579620044844,10371.075453794805
2021-06-07 09:00:00,9780.55108951748,10322.855345191027
2021-06-07 10:00:00,9765.395178847879,10338.792499729563
2021-06-07 11:00:00,9707.021877109693,10270.994581238117
2021-06-07 12:00:00,9687.744860139954,10130.680752119108
2021-06-07 13:00:00,9629.18177061163,9979.184910142056
2021-06-07 14:00:00,9670.148820740009,10156.68543318432
2021-06-07 15:00:00,9339.457152695122,9867.773426549811
2021-06-07 16:00:00,9251.449843153949,9713.119873300557
2021-06-07 17:00:00,9265.033226419544,9762.90026276825
2021-06-07 18:00:00,9106.451971488452,9635.440176004331
2021-06-07 19:00:00,9130.907483874817,9623.255125448059
2021-06-07 20:00:00,9163.469646154223,9691.424539383295
2021-06-07 21:00:00,8872.280950999504,9227.389580546771
2021-06-07 22:00:00,8903.324810957805,9259.858282333907
2021-06-07 23:00:00,8909.587808032362,9295.261798126974
2021-06-08 00:00:00,8928.837712460652,9316.957132044237
2021-06-08 01:00:00,8839.664563637201,9188.49400758209
2021-06-08 02:00:00,8940.224979868937,9348.60854385504
2021-06-08 03:00:00,8929.108837875136,9369.263690529693
2021-06-08 04:00:00,8903.67727399663,9273.529314665333
2021-06-08 05:00:00,8898.851241618837,9265.69076080139
2021-06-08 06:00:00,8986.53320066263,9421.124454482602
2021-06-08 07:00:00,8927.671873178375,9300.35128570688
2021-06-08 08:00:00,8779.122258583153,9058.842097699817
2021-06-08 09:00:00,8610.536475857638,8850.061658290542
2021-06-08 10:00:00,8605.927343811427,8823.871229503435
2021-06-08 11:00:00,8728.936944362355,8951.219867634218
2021-06-08 12:00:00,8728.448918616285,9005.049557439206
2021-06-08 13:00:00,8887.436861669103,9241.877902854532
2021-06-08 14:00:00,8924.174355331546,9306.072315541229
2021-06-08 15:00:00,9115.426222707838,9427.848522015178
2021-06-08 16:00:00,9082.701385179742,9363.839857050378
2021-06-08 17:00:00,9072.181719097802,9368.669297819632
2021-06-08 18:00:00,9061.011352021103,9322.901059144857
2021-06-08 19:00:00,8924.60815599472,9118.467116427912
2021-06-08 20:00:00,8817.622067439735,9029.159611741095
2021-06-08 21:00:00,8909.669145656708,9106.207766782882
2021-06-08 22:00:00,8929.867989035689,9129.649129285952
2021-06-08 23:00:00,8944.346086169078,9139.270861280082
2021-06-09 00:00:00,9085.900665070643,9200.084665428298
2021-06-09 01:00:00,9286.804597202528,9421.050155393845
2021-06-09 02:00:00,9270.808197748032,9304.734931943589
2021-06-09 03:00:00,9233.989366461245,9223.1173829432
2021-06-09 04:00:00,9226.912993143238,9213.53280049345
2021-06-09 05:00:00,9358.273256460241,9285.082822967164
2021-06-09 06:00:00,9493.863076243179,9435.984272234153
2021-06-09 07:00:00,9469.055100817985,9456.676568453186
2021-06-09 08:00:00,9511.133765145743,9390.698977636304
2021-06-09 09:00:00,9397.369541228685,9137.524832694273
2021-06-09 10:00:00,9861.997164028166,9538.591313808603
2021-06-09 11:00:00,9902.747313824955,9658.8815385074
2021-06-09 12:00:00,9917.469423831382,9631.650922477686
2021-06-09 13:00:00,9738.418200106824,9519.162102098451
2021-06-09 14:00:00,9836.890950647039,9526.294814619196
2021-06-09 15:00:00,9871.839016573897,9522.431262003793
2021-06-09 16:00:00,9943.904151743473,9591.640863181638
2021-06-09 17:00:00,10059.810266434944,9658.91868805178
2021-06-09 18:00:00,10139.114450171215,9688.972669454288
2021-06-09 19:00:00,10139.114450171215,9580.867495311762
2021-06-09 20:00:00,10139.114450171215,9558.614918228817
2021-06-09 21:00:00,10139.114450171215,9547.507204459534
2021-06-09 22:00:00,10139.114450171215,9524.660234666526
2021-06-09 23:00:00,10139.114450171215,9466.78124452424
2021-06-10 00:00:00,10139.114450171215,9426.399689784403
2021-06-10 01:00:00,10139.114450171215,9435.575627245984
2021-06-10 02:00:00,10139.114450171215,9471.01629258343
2021-06-10 03:00:00,10139.114450171215,9334.04592245852
2021-06-10 04:00:00,10139.114450171215,9534.76491073758
2021-06-10 05:00:00,10139.114450171215,9572.917492814684
2021-06-10 06:00:00,10139.114450171213,9537.885472465405
2021-06-10 07:00:00,10124.4061034064,9504.37658343566
2021-06-10 08:00:00,10140.454008164366,9466.70694543548
2021-06-10 09:00:00,9918.542831018724,9361.685183476404
2021-06-10 10:00:00,9890.760398240742,9334.64031516858
2021-06-10 11:00:00,9864.049611857283,9215.093081357363
2021-06-10 12:00:00,9774.326017475927,9173.745638463675
2021-06-10 13:00:00,9859.950564398236,9197.74424413243
2021-06-10 14:00:00,9827.774381402713,9138.787917203155
2021-06-10 15:00:00,9771.888021928391,9171.851011700353
2021-06-10 16:00:00,9838.035395630259,9230.324394552701
2021-06-10 17:00:00,9876.641456992915,9253.840056144529
2021-06-10 18:00:00,9826.568779208876,9178.054985611627
2021-06-10 19:00:00,9758.9746828744,9057.13321865839
2021-06-10 20:00:00,9726.82529103874,9016.900262096067
2021-06-10 21:00:00,9741.694384762732,9052.898170599197
2021-06-10 22:00:00,9853.574268350829,9163.195167860076
2021-06-10 23:00:00,9924.811962426678,9203.465273966776
2021-06-11 00:00:00,9913.184599046113,9161.820634718057
2021-06-11 01:00:00,9784.399493584435,9029.679705362401
2021-06-11 02:00:00,9966.311469054543,9099.595147883441
2021-06-11 03:00:00,9918.596413338451,9077.714066244285
2021-06-11 04:00:00,9926.124729259967,9130.317821084771
2021-06-11 05:00:00,10046.363454725337,9194.103588783299
2021-06-11 06:00:00,10021.09939097448,9193.211999718207
2021-06-11 07:00:00,10003.363643145141,9137.153337250485
2021-06-11 08:00:00,10032.485633916276,9193.806392428269
2021-06-11 09:00:00,9982.868405849908,9093.985566682233
2021-06-11 10:00:00,9865.79103724838,8986.47478524977
2021-06-11 11:00:00,9827.58684328367,8830.372399769738
2021-06-11 12:00:00,9892.769735230471,8931.382010935899
2021-06-11 13:00:00,9957.336430500422,8971.763565675736
2021-06-11 14:00:00,9985.065280958677,8918.936913568976
2021-06-11 15:00:00,9955.005599592336,8854.74250088228
2021-06-11 16:00:00,9895.47564237664,8707.14736106501
2021-06-11 17:00:00,10010.865167906795,8770.190137875961
2021-06-11 18:00:00,9999.050266407188,8755.36746966879
2021-06-11 19:00:00,9928.187648569423,8695.445254585666
2021-06-11 20:00:00,9709.035960889674,8511.666458543374
2021-06-11 21:00:00,9519.783207617093,8422.173206134663
2021-06-11 22:00:00,9534.652301341084,8551.7136673838
2021-06-11 23:00:00,9443.4284020074,8484.807337957447
2021-06-12 00:00:00,9423.576152548878,8510.329074945734
2021-06-12 01:00:00,9468.692465758255,8542.166234478429
2021-06-12 02:00:00,9454.573524510428,8631.808085064655
2021-06-12 03:00:00,9432.20290602478,8578.238442070317
2021-06-12 04:00:00,9446.777296990282,8649.45411864462
2021-06-12 05:00:00,9561.470252363997,8898.058869628047
2021-06-12 06:00:00,9544.565030490412,8879.967041515536
2021-06-12 07:00:00,9659.231194704265,9060.69957491876
2021-06-12 08:00:00,9647.49666668425,9048.737421628764
2021-06-12 09:00:00,9564.470862268658,8997.02525585337
2021-06-12 10:00:00,9489.000164934447,8892.374989338081
2021-06-12 11:00:00,9518.36327614435,8888.43713763392
2021-06-12 12:00:00,9582.876389094574,8968.865901214183
2021-06-12 13:00:00,9625.87620067477,9003.600725208431
2021-06-12 14:00:00,9575.267699693468,8953.820335740738
2021-06-12 15:00:00,9648.246819160415,8929.190187817545
2021-06-12 16:00:00,9603.39841754967,8932.199300912233
2021-06-12 17:00:00,9566.024749540715,8849.541564669236
2021-06-12 18:00:00,9522.890982161205,8796.083370308037
2021-06-12 19:00:00,9577.83965104032,8877.255124775878
2021-06-12 20:00:00,9591.235230971844,8958.798374687509
2021-06-12 21:00:00,9504.32470837611,8849.392966491721
2021-06-12 22:00:00,9341.755950327126,8677.353426473153
2021-06-12 23:00:00,9428.961175681352,8694.256469165543
2021-06-13 00:00:00,9371.520928934973,8605.097562656243
2021-06-13 01:00:00,9482.70424236663,8711.048063224793
2021-06-13 02:00:00,9457.359805136186,8639.83238665049
2021-06-13 03:00:00,9537.465373126704,8750.352281177642
2021-06-13 04:00:00,9603.6663291483,8774.016540946985
2021-06-13 05:00:00,9650.336529629732,8812.206272568468
2021-06-13 06:00:00,9627.215758667922,8775.911167710308
2021-06-13 07:00:00,9618.535422872294,8765.360697106707
2021-06-13 08:00:00,9616.499294722702,8749.943636189475
2021-06-13 09:00:00,9592.146130407189,8674.567210644738
2021-06-13 10:00:00,9655.158938405082,8737.238492011898
2021-06-13 11:00:00,9912.461237729813,8908.757938409164
2021-06-13 12:00:00,10001.16676803637,8993.904694125544
2021-06-13 13:00:00,10047.515474599446,9060.662425374381
2021-06-13 14:00:00,10093.890972322386,9031.314285315071
2021-06-13 15:00:00,10522.683485930498,9387.021172742796
2021-06-13 16:00:00,10421.76118672639,9378.32817935814
2021-06-13 17:00:00,10417.63534810748,9378.32817935814
2021-06-13 18:00:00,10457.822087902056,9378.32817935814
2021-06-13 19:00:00,10486.67616707456,9378.32817935814
2021-06-13 20:00:00,10501.089811080881,9378.32817935814
2021-06-13 21:00:00,10444.855166528338,9378.32817935814
2021-06-13 22:00:00,10449.061378626839,9378.32817935814
2021-06-13 23:00:00,10524.26416436242,9378.32817935814
2021-06-14 00:00:00,10568.496369296314,9419.8508820462
2021-06-14 01:00:00,10605.01272018965,9441.026706829038
2021-06-14 02:00:00,10591.349228659496,9420.529111309706
2021-06-14 03:00:00,10459.429557493837,9330.098542842063
2021-06-14 04:00:00,10475.34350645249,9317.664339677762
2021-06-14 05:00:00,10544.22357846039,9379.006408621646
2021-06-14 06:00:00,10495.838743747723,9335.072224107784
2021-06-14 07:00:00,10603.190921318963,9389.858076837763
2021-06-14 08:00:00,10858.43030133424,9636.281375912093
2021-06-14 09:00:00,10863.842115626576,9638.39142250967
2021-06-14 10:00:00,10902.52855046882,9709.492456967355
2021-06-14 11:00:00,10763.830715857812,9717.819605147084
2021-06-14 12:00:00,10777.70853666687,9697.849521277147
2021-06-14 13:00:00,10647.851784810668,9553.386688150085
2021-06-14 14:00:00,10639.117866695315,9566.80055580612
2021-06-14 15:00:00,10668.079110507271,9575.956650863469
2021-06-14 16:00:00,10797.855488883884,9691.368663870298
2021-06-14 17:00:00,10762.410784385069,9631.3453740499
2021-06-14 18:00:00,10858.671421773008,9730.969716978421
2021-06-14 19:00:00,10821.029842165422,9790.427815745896
2021-06-14 20:00:00,10697.844089115119,9687.37464709631
2021-06-14 21:00:00,10790.97016079908,9759.00319320339
2021-06-14 22:00:00,10827.727632131186,9751.429633094225
2021-06-14 23:00:00,10858.912542211774,9924.905606937988
2021-06-15 00:00:00,10811.277859975273,9876.71364982544
2021-06-15 01:00:00,10797.185709887308,9843.631133527693
2021-06-15 02:00:00,10817.975649941034,9879.61496389711
2021-06-15 03:00:00,10668.105901667133,9727.616250064411
2021-06-15 04:00:00,10748.586545895736,9752.446976989486
2021-06-15 05:00:00,10695.084599649224,9714.99364988247
2021-06-15 06:00:00,10674.776900473033,9724.488859571573
2021-06-15 07:00:00,10833.809225420096,9790.201739324728
2021-06-15 08:00:00,10805.11589320677,9790.201739324728
2021-06-15 09:00:00,10718.794776128023,9790.201739324728
2021-06-15 10:00:00,10733.87819913092,9790.201739324728
2021-06-15 11:00:00,10772.939710211249,9811.805193046974
2021-06-15 12:00:00,10904.618260938138,9889.892277105175
2021-06-15 13:00:00,10873.995965214672,9884.903913013006
2021-06-15 14:00:00,10704.434714441428,9715.759998256957
2021-06-15 15:00:00,10701.11261061841,9679.076336163767
2021-06-15 16:00:00,10709.578617135136,9715.836742319914
2021-06-15 17:00:00,10746.925493984225,9802.327301271851
2021-06-15 18:00:00,10761.09801755178,9758.122721008927
2021-06-15 19:00:00,10696.2634106832,9671.21006971073
2021-06-15 20:00:00,10744.675036555731,9694.348404692104
2021-06-15 21:00:00,10735.244548283936,9687.978647466718
2021-06-15 22:00:00,10732.163564899685,9685.407721357675
2021-06-15 23:00:00,10795.55144913566,9722.743707985996
2021-06-16 00:00:00,10794.935252458812,9712.344887455394
2021-06-16 01:00:00,10822.208653199395,9734.600665712771
2021-06-16 02:00:00,10747.541690661075,9698.56932815471
2021-06-16 03:00:00,10733.5299140527,9682.184470713504
2021-06-16 04:00:00,10705.31882271691,9644.848484085185
2021-06-16 05:00:00,10656.424955966844,9549.87770617656
2021-06-16 06:00:00,10476.093658928656,9446.004616964985
2021-06-16 07:00:00,10474.191486578378,9397.310509019107
2021-06-16 08:00:00,10515.985695964735,9428.008134201693
2021-06-16 09:00:00,10410.589273063499,9298.88624827744
2021-06-16 10:00:00,10391.728296519912,9268.418855283724
2021-06-16 11:00:00,10363.034964306586,9193.324789680824
2021-06-16 12:00:00,10489.971479737715,9316.729242914818
2021-06-16 13:00:00,10381.226161853594,9282.040926458498
2021-06-16 14:00:00,10359.605695844115,9282.386274741802
2021-06-16 15:00:00,10323.384047709273,9209.9398793109
2021-06-16 16:00:00,10385.218044673189,9258.442127099384
2021-06-16 17:00:00,10331.394604508323,9158.214380878242
2021-06-16 18:00:00,10270.953747857282,9084.463336377077
2021-06-16 19:00:00,10349.853713653963,9193.900370152996
2021-06-16 20:00:00,10361.58824167398,9263.737467443381
2021-06-16 21:00:00,10374.153295649752,9282.654878962148
2021-06-16 22:00:00,10413.027268611037,9332.078055506112
2021-06-16 23:00:00,10402.364386985542,9309.51530099691
2021-06-17 00:00:00,10373.510307813038,9264.044443695206
2021-06-17 01:00:00,10510.359552393495,9389.636102723462
2021-06-17 02:00:00,10510.49350819281,9375.515195139471
2021-06-17 03:00:00,10529.327693576535,9364.655910231131
2021-06-17 04:00:00,10587.08943424127,9391.017495856677
2021-06-17 05:00:00,10517.218089318438,9333.766424891155
2021-06-17 06:00:00,10490.18580901662,9308.01879176926
2021-06-17 07:00:00,10390.120826928129,9164.814370292497
2021-06-17 08:00:00,10373.831801731394,9127.248151475307
2021-06-17 09:00:00,10421.466483967897,9210.246855562724
2021-06-17 10:00:00,10454.392819439585,9210.246855562724
2021-06-17 11:00:00,10311.06011417227,9210.246855562724
2021-06-17 12:00:00,10097.668525863077,9210.246855562724
2021-06-17 13:00:00,10116.422337767212,9210.246855562724
2021-06-17 14:00:00,10108.224242849117,9210.246855562724
2021-06-17 15:00:00,10110.26037099871,9210.246855562724
2021-06-17 16:00:00,10113.877177580222,9210.246855562724
2021-06-17 17:00:00,10171.076303887834,9210.246855562724
2021-06-17 18:00:00,10201.591434971846,9210.246855562724
2021-06-17 19:00:00,10096.945164546773,9210.246855562724
2021-06-17 20:00:00,10089.765133703477,9210.246855562724
2021-06-17 21:00:00,10125.504540960785,9210.246855562724
2021-06-17 22:00:00,10125.504540960785,9210.246855562724
2021-06-17 23:00:00,10125.504540960785,9210.246855562724
2021-06-18 00:00:00,10125.504540960785,9210.246855562724
2021-06-18 01:00:00,10125.504540960785,9172.563108183389
2021-06-18 02:00:00,10125.504540960785,9225.068078381373
2021-06-18 03:00:00,10125.504540960785,9242.72740769721
2021-06-18 04:00:00,10125.504540960785,9074.49076144722
2021-06-18 05:00:00,10125.504540960785,9186.911313252509
2021-06-18 06:00:00,10125.504540960785,9144.970406127393
2021-06-18 07:00:00,10125.504540960785,9003.41984458013
2021-06-18 08:00:00,10076.81082724777,8985.169243077378
2021-06-18 09:00:00,9927.725237958555,8861.002083825393
2021-06-18 10:00:00,9842.355603133181,8733.799727347248
2021-06-18 11:00:00,9912.811265609545,8824.224953799328
2021-06-18 12:00:00,9807.439043550195,8685.709589478227
2021-06-18 13:00:00,9548.136221220739,8483.612755990947
2021-06-18 14:00:00,9565.269695806806,8489.091878256353
2021-06-18 15:00:00,9613.205530707168,8650.312094554962
2021-06-18 16:00:00,9658.380521361434,8765.570752857438
2021-06-18 17:00:00,9641.301180976268,8737.662705635088
2021-06-18 18:00:00,9696.518065898199,8801.677774405001
2021-06-18 19:00:00,9675.920002454284,8828.245604670346
2021-06-18 20:00:00,9783.159854444817,8878.582576849642
2021-06-18 21:00:00,9608.03571452085,8715.430871407114
2021-06-18 22:00:00,9506.804758830645,8632.45567451015
2021-06-18 23:00:00,9527.619359078177,8657.880378547465
2021-06-19 00:00:00,9618.997890203882,8823.042409425501
2021-06-19 01:00:00,9689.4806197807,8825.013316715216
2021-06-19 02:00:00,9687.206983342736,8849.413148961876
2021-06-19 03:00:00,9694.650435967016,8877.99130466273
2021-06-19 04:00:00,9654.103919490031,8782.559973694775
2021-06-19 05:00:00,9669.396831245369,8769.078967833131
2021-06-19 06:00:00,9734.790945937224,8837.66654151518
2021-06-19 07:00:00,9674.89145263711,8803.648681694714
2021-06-19 08:00:00,9679.601128115746,8786.85655158635
2021-06-19 09:00:00,9812.473524234254,8875.429125186101
2021-06-19 10:00:00,9775.743468920988,8858.676413223531
2021-06-19 11:00:00,9714.869560004607,8843.185081926378
2021-06-19 12:00:00,9680.169537225236,8764.348790337815
2021-06-19 13:00:00,9612.826591300844,8694.696926719324
2021-06-19 14:00:00,9732.679712101974,8756.346906741577
2021-06-19 15:00:00,9770.41125013196,8773.060200558351
2021-06-19 16:00:00,9709.699743818286,8704.039027272567
2021-06-19 17:00:00,9619.918171619247,8580.305467624317
2021-06-19 18:00:00,9606.249285891025,8539.034668977707
2021-06-19 19:00:00,9574.986784869048,8550.465931258048
2021-06-19 20:00:00,9642.654535998865,8601.985447811172
2021-06-19 21:00:00,9638.2425986252,8592.130911362603
2021-06-19 22:00:00,9617.8610719849,8606.833879743868
2021-06-19 23:00:00,9689.994894689286,8706.325279728635
2021-06-20 00:00:00,9673.944104121292,8727.45340587437
2021-06-20 01:00:00,9604.246320457582,8727.45340587437
2021-06-20 02:00:00,9644.224427825078,8727.45340587437
2021-06-20 03:00:00,9557.690907680268,8727.45340587437
2021-06-20 04:00:00,9469.452160206987,8727.45340587437
2021-06-20 05:00:00,9221.057379359656,8727.45340587437
2021-06-20 06:00:00,9173.06741025839,8629.560738978287
2021-06-20 07:00:00,9181.945419206622,8645.689127409572
2021-06-20 08:00:00,9181.837150804815,8652.132169179804
2021-06-20 09:00:00,9297.81967624132,8775.007210939813
2021-06-20 10:00:00,9324.616105688727,8779.78753225321
2021-06-20 11:00:00,9358.071041847308,8830.999322323687
2021-06-20 12:00:00,9360.886020294309,8863.63021128905
2021-06-20 13:00:00,9457.732105711304,8978.732034913362
2021-06-20 14:00:00,9606.411688493736,9228.555783552625
2021-06-20 15:00:00,9694.271496560688,9377.743376542028
2021-06-20 16:00:00,9621.136191139583,9359.245611459753
2021-06-20 17:00:00,9651.505477846646,9367.725485789606
2021-06-20 18:00:00,9634.534405863287,9324.12064180914
2021-06-20 19:00:00,9627.090953239007,9296.644186259964
2021-06-20 20:00:00,9548.29862382345,9161.506581130807
2021-06-20 21:00:00,9515.060224468483,9102.687844970314
2021-06-20 22:00:00,9381.457016637773,8964.889887110221
2021-06-20 23:00:00,9265.961699009404,8813.998005652564
2021-06-21 00:00:00,9323.343951967488,8852.614688262527
2021-06-21 01:00:00,8870.836166612178,8371.880636180485
2021-06-21 02:00:00,8934.254382971043,8364.315258101891
2021-06-21 03:00:00,8900.068635100259,8375.413917151256
2021-06-21 04:00:00,8983.570639994452,8345.692788985354
2021-06-21 05:00:00,8754.582970171152,8064.609895757619
2021-06-21 06:00:00,8810.368264202572,8190.97665047698
2021-06-21 07:00:00,8736.393878667457,8100.358385579543
2021-06-21 08:00:00,8976.776797781018,8369.63596356376
2021-06-21 09:00:00,8906.86247731369,8330.063216691118
2021-06-21 10:00:00,8847.612594424425,8247.135033906538
2021-06-21 11:00:00,8702.099862394867,7991.782739748302
2021-06-21 12:00:00,8733.308229215938,7981.224464847409
2021-06-21 13:00:00,8878.252552136006,8152.152127809913
2021-06-21 14:00:00,8820.328957168882,8086.973485902032
2021-06-21 15:00:00,8822.11538579871,8068.226312751232
2021-06-21 16:00:00,8529.249358908863,7797.535422378706
2021-06-21 17:00:00,8464.152982321979,7752.475697998514
2021-06-21 18:00:00,8568.144782258281,7843.177098918792
2021-06-21 19:00:00,8612.643095401249,7960.56516317125
2021-06-21 20:00:00,8832.021944564114,8127.876409140141
2021-06-21 21:00:00,8905.076048683864,8189.313930020146
2021-06-21 22:00:00,8937.34003242256,8213.839056758443
2021-06-21 23:00:00,8910.002260966114,8182.829320238494
2021-06-22 00:00:00,8823.874747328086,8055.090821142246
2021-06-22 01:00:00,8892.78758507869,8098.4046890427635
2021-06-22 02:00:00,8828.85509381124,8072.341545881895
2021-06-22 03:00:00,8576.291979494312,7816.157891495244
2021-06-22 04:00:00,8544.731740367366,7794.002141407936
2021-06-22 05:00:00,8616.676093368585,7904.240507696009
2021-06-22 06:00:00,8451.160774105056,7752.475697998514
2021-06-22 07:00:00,8084.536898483709,7436.1846990973245
2021-06-22 08:00:00,7904.432412076589,7167.98788941005
2021-06-22 09:00:00,8273.871266144935,7547.379129648078
2021-06-22 10:00:00,8580.947520772042,7732.8140285964555
2021-06-22 11:00:00,8819.32747445216,7963.142379879343
2021-06-22 12:00:00,8870.646696909014,7935.333380238799
2021-06-22 13:00:00,8933.38823575658,8051.224996080108
2021-06-22 14:00:00,8777.806542358905,7880.920853288917
2021-06-22 15:00:00,8907.999295532674,8024.829308827872
2021-06-22 16:00:00,8788.606315439225,7794.043709419356
2021-06-22 17:00:00,8824.713827442094,7847.708012163664
2021-06-22 18:00:00,8801.19251714937,7814.578307061252
2021-06-22 19:00:00,9124.346629444923,8046.153698686765
2021-06-22 20:00:00,9213.045517625887,8311.357611551739
2021-06-22 21:00:00,9162.646576584399,8347.230805407926
2021-06-22 22:00:00,9202.814153655057,8375.289213116994
2021-06-22 23:00:00,9152.41521261357,8321.500206338425
2021-06-23 00:00:00,9296.872327725503,8479.874329851833
2021-06-23 01:00:00,9181.187540393968,8343.48968438005
2021-06-23 02:00:00,9196.318049546595,8343.157140288682
2021-06-23 03:00:00,9144.565753482513,8202.698829697656
2021-06-23 04:00:00,9185.70774616944,8265.54966296597
2021-06-23 05:00:00,9267.666926337874,8354.422071383731
2021-06-23 06:00:00,9189.903146739489,8280.638851111737
2021-06-23 07:00:00,9261.062553827604,8359.78434485702
2021-06-23 08:00:00,9203.13895886048,8297.09978363439
2021-06-23 09:00:00,9224.873840523378,8317.759085310548
2021-06-23 10:00:00,9066.45010157825,8213.21553658713
2021-06-23 11:00:00,9121.017376089336,8265.341822908867
2021-06-23 12:00:00,9096.900589586669,8209.682255616359
2021-06-23 13:00:00,9012.099363870782,8080.98769225743
2021-06-23 14:00:00,8900.826513912913,7965.054508404702
2021-06-23 15:00:00,8945.460162558138,8031.313918609524
2021-06-23 16:00:00,9030.88393158442,8087.347598004819
2021-06-23 17:00:00,9063.608056030798,8105.471250984307
2021-06-23 18:00:00,9117.092646523806,8179.005063187777
2021-06-23 19:00:00,8982.83982828225,8057.252357736129
2021-06-23 20:00:00,8825.011565547065,7933.088707622073
2021-06-23 21:00:00,8798.973014912312,7870.528850433706
2021-06-23 22:00:00,8827.231067784123,7930.511490913981
2021-06-23 23:00:00,8813.453913654093,7918.7061756704625
2021-06-24 00:00:00,8925.457575324166,8013.6890817670865
2021-06-24 01:00:00,8942.699318312043,8017.471770806384
2021-06-24 02:00:00,8894.844684713036,7985.339697978073
2021-06-24 03:00:00,9037.758975099208,8114.075829348421
2021-06-24 04:00:00,9014.048195103322,8072.133705824792
2021-06-24 05:00:00,8995.507231293752,8036.343647991446
2021-06-24 06:00:00,9170.441901514554,8176.053734376897
2021-06-24 07:00:00,9216.780777488251,8224.231059613654
2021-06-24 08:00:00,9220.40776894881,8177.508614776626
2021-06-24 09:00:00,9214.155268744415,8167.116611921416
2021-06-24 10:00:00,9185.734813269892,8262.681470177933
2021-06-24 11:00:00,9345.457773036711,8363.27605781637
2021-06-24 12:00:00,9465.337960938294,8410.497318790447
2021-06-24 13:00:00,9444.983501398445,8375.912733288307
2021-06-24 14:00:00,9428.689106926386,8352.925622972582
2021-06-24 15:00:00,9439.326477403993,8335.217650107303
2021-06-24 16:00:00,9413.477396472403,8312.687787917206
2021-06-24 17:00:00,9406.494084555805,8242.936664753031
2021-06-24 18:00:00,9383.2434452676,8264.51046268045
2021-06-24 19:00:00,9364.946085362099,8250.917722945835
2021-06-24 20:00:00,9421.083251699394,8262.515198132249
2021-06-24 21:00:00,9518.416544924523,8335.051378061618
2021-06-24 22:00:00,9497.656078877895,8311.565451608843
2021-06-24 23:00:00,9402.840025994796,8209.682255616359
2021-06-25 00:00:00,9335.30761036724,8164.37312316764
2021-06-25 01:00:00,9328.946841761035,8184.159496603961
2021-06-25 02:00:00,9286.85750055829,8083.066092828472
2021-06-25 03:00:00,9281.768885673328,8040.666721179213
2021-06-25 04:00:00,9133.793047502644,7923.735905052385
2021-06-25 05:00:00,9138.800461086252,7824.138949688046
2021-06-25 06:00:00,9010.285868140503,7701.347043950878
2021-06-25 07:00:00,8953.850963698236,7727.285483077483
2021-06-25 08:00:00,8922.398992973098,7714.357831525601
2021-06-25 09:00:00,8877.954814031034,7582.711939355794
2021-06-25 10:00:00,8822.304855501872,7588.656164988974
2021-06-25 11:00:00,8634.567446767309,7555.734299943667
2021-06-25 12:00:00,8570.174814792177,7509.801647323637
2021-06-25 13:00:00,8677.685337787228,7634.962929711793
2021-06-25 14:00:00,8730.439116568034,7700.100003608252
2021-06-25 15:00:00,8726.622655404313,7763.3665169907745
2021-06-25 16:00:00,8603.359079946238,7683.431231028495
2021-06-25 17:00:00,8508.949033569917,7494.67089116645
2021-06-25 18:00:00,8548.791805435154,7524.558291378035
2021-06-25 19:00:00,8648.20926539508,7629.351248169979
2021-06-25 20:00:00,8653.297880280043,7584.665635892574
2021-06-25 21:00:00,8640.305672063118,7573.65011286605
2021-06-25 22:00:00,8660.578930301612,7565.419646604723
2021-06-25 23:00:00,8762.757234507635,7631.5959207867045
2021-06-26 00:00:00,8728.950426043179,7608.068426322508
2021-06-26 01:00:00,8590.44807303067,7509.178127152324
2021-06-26 02:00:00,8325.867166113087,7285.750065765296
2021-06-26 03:00:00,8236.518667521277,7203.861083266237
2021-06-26 04:00:00,8405.633911144914,7348.891875113556
2021-06-26 05:00:00,8419.708803379915,7336.379903675883
2021-06-26 06:00:00,8603.575616749853,7499.201804411321
2021-06-26 07:00:00,8474.97982250275,7404.634578428905
2021-06-26 08:00:00,8346.113357251128,7250.832936171788
2021-06-26 09:00:00,8463.88231131746,7406.588274965685
2021-06-26 10:00:00,8545.056545572788,7396.736656258945
2021-06-26 11:00:00,8469.241597206941,7315.5958979654615
2021-06-26 12:00:00,8578.51148173137,7432.817690172236
2021-06-26 13:00:00,8542.512238130308,7417.146549866578
2021-06-26 14:00:00,8542.349835527597,7417.395957935104
2021-06-26 15:00:00,8472.516716361626,7343.571169651688
2021-06-26 16:00:00,8501.613849347446,7371.546441337914
2021-06-26 17:00:00,8604.414696863863,7454.516192133916
2021-06-26 18:00:00,8736.44801286836,7606.987658025566
2021-06-26 19:00:00,8759.671585056114,7632.344144992279
2021-06-26 20:00:00,8894.925886014393,7751.31179367873
2021-06-26 21:00:00,8958.317035272803,7835.570152828777
2021-06-26 22:00:00,8970.957371183855,7822.517797242633
2021-06-26 23:00:00,8978.238421205424,7816.615139620873
2021-06-27 00:00:00,8913.331514321702,7776.086328485552
2021-06-27 01:00:00,8953.011883584226,7735.806925418756
2021-06-27 02:00:00,9009.879861633724,7764.821397390504
2021-06-27 03:00:00,8940.371547673178,7688.502528421837
2021-06-27 04:00:00,8817.513978721881,7573.7748169003125
2021-06-27 05:00:00,8851.05011618182,7570.0752638838585
2021-06-27 06:00:00,9006.794212182205,7645.68747665837
2021-06-27 07:00:00,9023.088606654264,7715.688007891069
2021-06-27 08:00:00,8965.165011687142,7650.052117857558
2021-06-27 09:00:00,9001.92213410086,7644.606708361428
2021-06-27 10:00:00,8987.035228852299,7665.099737991904
2021-06-27 11:00:00,8928.516157675233,7611.269163201912
2021-06-27 12:00:00,8951.333723356207,7592.563558062533
2021-06-27 13:00:00,8862.770170677504,7564.089470239257
2021-06-27 14:00:00,8882.339684304246,7584.831907938257
2021-06-27 15:00:00,8830.993394746942,7550.787706584587
2021-06-27 16:00:00,8894.89881891394,7628.852432032929
2021-06-27 17:00:00,9315.034352128745,8129.622265619816
2021-06-27 18:00:00,9385.598283006919,8244.266841118499
2021-06-27 19:00:00,9356.771821025617,8232.5030938864
2021-06-27 20:00:00,9281.335812066096,8157.348129237518
2021-06-27 21:00:00,9311.109622563215,8190.644106385613
2021-06-27 22:00:00,9315.575694137784,8182.870888249915
2021-06-27 23:00:00,9297.603139437704,8200.495725092353
2021-06-28 00:00:00,9345.72844404123,8218.07899392337
2021-06-28 01:00:00,9345.295370434,8265.799071034495
2021-06-28 02:00:00,9480.982744999506,8516.7035879707
2021-06-28 03:00:00,9446.418057722398,8594.893017453305
2021-06-28 04:00:00,9308.863053225707,8473.597560127286
2021-06-28 05:00:00,9262.470043051104,8292.859846469464
2021-06-28 06:00:00,9233.237574563023,8308.364714729438
2021-06-28 07:00:00,9322.66727445619,8383.93535949253
2021-06-28 08:00:00,9281.985422476942,8354.546775417994
2021-06-28 09:00:00,9293.73254407308,8515.24870757097
2021-06-28 10:00:00,9462.631250893102,8796.913552958598
2021-06-28 11:00:00,9377.072146364562,8770.019049569313
2021-06-28 12:00:00,9257.679166271113,8662.39946800075
2021-06-28 13:00:00,9249.017694126496,8673.331855004433
2021-06-28 14:00:00,9325.509320003643,8792.465775736568
2021-06-28 15:00:00,9382.5126335554,8866.498404077089
2021-06-28 16:00:00,9380.996875930092,8824.847256633404
2021-06-28 17:00:00,9319.44628950241,8712.987737899917
2021-06-28 18:00:00,9330.570867788152,8660.487339475392
2021-06-28 19:00:00,9445.118836900705,8889.527082404235
2021-06-28 20:00:00,9375.285717734734,8833.202426928994
2021-06-28 21:00:00,9285.58534683705,8682.601521551282
2021-06-28 22:00:00,9361.264959700637,8748.860931756104
2021-06-28 23:00:00,9436.75510286106,8816.616790372078
2021-06-29 00:00:00,9397.291270402151,8807.014579733861
2021-06-29 01:00:00,9561.155496538115,8975.780706102483
2021-06-29 02:00:00,9449.12476776759,8871.652837493273
2021-06-29 03:00:00,9500.498124425347,8931.510773939286
2021-06-29 04:00:00,9541.179976404592,8979.521827130358
2021-06-29 05:00:00,9644.359763327338,9035.721778571336
2021-06-29 06:00:00,9636.97044490396,9057.461848544437
2021-06-29 07:00:00,9695.976723889162,9033.8512180574
2021-06-29 08:00:00,9835.020418910708,9262.683120929138
2021-06-29 09:00:00,9814.936630375378,9249.755469377254
2021-06-29 10:00:00,9812.690061037867,9216.50106024058
2021-06-29 11:00:00,9842.409737334085,9254.161678587863
2021-06-29 12:00:00,9852.208027697681,9282.63576641114
2021-06-29 13:00:00,9818.347085032321,9234.500009185806
2021-06-29 14:00:00,9852.424564501296,9239.820714647674
2021-06-29 15:00:00,9786.056034193174,9111.749671460058
2021-06-29 16:00:00,9811.87804802431,9204.15536084859
2021-06-29 17:00:00,9726.129473792607,9025.828591853176
2021-06-29 18:00:00,9717.982276556579,9004.130089891496
2021-06-29 19:00:00,9717.089062241665,9034.682578285816
2021-06-29 20:00:00,9695.435381880123,9007.663370862268
2021-06-29 21:00:00,9687.125782041381,9012.1111480843
2021-06-29 22:00:00,9501.066533534839,8833.410266986099
2021-06-29 23:00:00,9406.27754775219,8709.994841077618
2021-06-30 00:00:00,9422.193002817923,8796.913552958598
2021-06-30 01:00:00,9478.844444063807,8897.258732528511
2021-06-30 02:00:00,9540.205560788323,8978.274786787733
2021-06-30 03:00:00,9365.866366777464,8803.522866774512
2021-06-30 04:00:00,9385.868954011437,8806.224787516867
2021-06-30 05:00:00,9411.582699440769,8873.855942098578
2021-06-30 06:00:00,9436.809237061963,8974.492097748436
2021-06-30 07:00:00,9379.968326112918,8886.8667296733
2021-06-30 08:00:00,9409.227861701449,8909.230319817714
2021-06-30 09:00:00,9369.655760840735,8842.388957453
2021-06-30 10:00:00,9256.677683554391,8741.129281631827
2021-06-30 11:00:00,9238.596860452504,8767.109288769854
2021-06-30 12:00:00,9396.28978768543,8966.552607567055
2021-06-30 13:00:00,9431.341682770675,9215.378723932217
2021-06-30 14:00:00,9403.841508711515,9327.861762837018
2021-06-30 15:00:00,9360.0469401803,9299.969627173632
2021-06-30 16:00:00,9428.364301720963,9412.45266607843
2021-06-30 17:00:00,9439.867819413032,9378.242192679078
2021-06-30 18:00:00,9485.990158583114,9463.622888137488
2021-06-30 19:00:00,9408.93012359648,9344.488967405354
2021-06-30 20:00:00,9464.931954431515,9404.471607885629
2021-06-30 21:00:00,9295.816710807878,9138.561038826501
2021-06-30 22:00:00,9246.121514378141,9086.933568641814
2021-06-30 23:00:00,9295.221234597935,9187.237180200307
2021-07-01 00:00:00,9295.843777908329,9213.383459384017
2021-07-01 01:00:00,9080.416725411445,8983.262948158233
2021-07-01 02:00:00,9028.691496447813,8853.944864627993
2021-07-01 03:00:00,9054.567644479856,8823.808056347882
2021-07-01 04:00:00,8999.783833165156,8760.95722307957
2021-07-01 05:00:00,8987.820174765404,8787.64388641175
2021-07-01 06:00:00,9149.275428961146,8890.524714678335
2021-07-01 07:00:00,9111.814561935682,8849.039839280334
2021-07-01 08:00:00,9049.857969001221,8782.988269132617
2021-07-01 09:00:00,8986.466819742807,8699.478134188143
2021-07-01 10:00:00,9054.18870507353,8808.469460133592
2021-07-01 11:00:00,8978.157219904066,8658.907755041402
2021-07-01 12:00:00,9068.317731509434,8747.031939253588
2021-07-01 13:00:00,9018.460132476986,8788.807790731535
2021-07-01 14:00:00,8961.91695963291,8737.637568672477
2021-07-01 15:00:00,9045.906172335239,8812.958805367043
2021-07-01 16:00:00,9069.210945824349,8854.318976730781
2021-07-01 17:00:00,9085.234669291887,8854.318976730781
2021-07-01 18:00:00,9085.234669291887,8854.318976730781
