timestamp,btc,eth
2021-06-01 19:00:00,36180.6,2586.66
2021-06-01 20:00:00,36280.5,2590.44
2021-06-01 21:00:00,36306.8,2593.15
2021-06-01 22:00:00,36488.5,2615.78
2021-06-01 23:00:00,36690.2,2625.73
2021-06-02 00:00:00,36829.4,2639.3
2021-06-02 01:00:00,36751.8,2634.21
2021-06-02 02:00:00,37214.3,2693.37
2021-06-02 03:00:00,37396.1,2713.76
2021-06-02 04:00:00,37281.2,2685.01
2021-06-02 05:00:00,37159.1,2682.64
2021-06-02 06:00:00,37201.1,2694.94
2021-06-02 07:00:00,37285.5,2701.72
2021-06-02 08:00:00,37554.1,2732.69
2021-06-02 09:00:00,37861.0,2768.78
2021-06-02 10:00:00,38041.1,2792.87
2021-06-02 11:00:00,37856.1,2761.24
2021-06-02 12:00:00,38022.1,2769.93
2021-06-02 13:00:00,38026.2,2772.58
2021-06-02 14:00:00,37889.9,2756.45
2021-06-02 15:00:00,37758.9,2723.53
2021-06-02 16:00:00,37820.1,2721.13
2021-06-02 17:00:00,37550.1,2699.77
2021-06-02 18:00:00,37565.3,2705.05
2021-06-02 19:00:00,37500.0,2705.21
2021-06-02 20:00:00,37296.8,2673.99
2021-06-02 21:00:00,37403.7,2696.37
2021-06-02 22:00:00,37657.6,2723.99
2021-06-02 23:00:00,37950.3,2765.62
2021-06-03 00:00:00,38821.2,2817.51
2021-06-03 01:00:00,38942.4,2847.98
2021-06-03 02:00:00,38638.4,2819.13
2021-06-03 03:00:00,38810.4,2834.45
2021-06-03 04:00:00,39130.0,2874.92
2021-06-03 05:00:00,39313.1,2875.26
2021-06-03 06:00:00,38781.6,2805.0
2021-06-03 07:00:00,39026.6,2829.53
2021-06-03 08:00:00,38475.0,2779.03
2021-06-03 09:00:00,38632.2,2793.74
2021-06-03 10:00:00,38579.8,2792.45
2021-06-03 11:00:00,38890.0,2833.42
2021-06-03 12:00:00,38818.2,2822.26
2021-06-03 13:00:00,38554.4,2791.81
2021-06-03 14:00:00,38596.7,2794.98
2021-06-03 15:00:00,38683.1,2823.63
2021-06-03 16:00:00,38749.9,2819.09
2021-06-03 17:00:00,38900.1,2835.38
2021-06-03 18:00:00,39196.6,2854.24
2021-06-03 19:00:00,38688.8,2810.44
2021-06-03 20:00:00,37899.3,2738.9
2021-06-03 21:00:00,37799.0,2735.49
2021-06-03 22:00:00,37964.1,2755.02
2021-06-03 23:00:00,37584.6,2724.02
2021-06-04 00:00:00,36750.1,2655.46
2021-06-04 01:00:00,36778.2,2625.78
2021-06-04 02:00:00,36631.5,2621.99
2021-06-04 03:00:00,36722.5,2622.78
2021-06-04 04:00:00,36843.8,2652.16
2021-06-04 05:00:00,36651.1,2623.51
2021-06-04 06:00:00,36578.0,2624.52
2021-06-04 07:00:00,36883.3,2645.39
2021-06-04 08:00:00,36744.2,2654.66
2021-06-04 09:00:00,36740.5,2647.0
2021-06-04 10:00:00,36987.5,2662.74
2021-06-04 11:00:00,36918.1,2665.49
2021-06-04 12:00:00,37111.7,2691.91
2021-06-04 13:00:00,37140.7,2705.75
2021-06-04 14:00:00,36840.5,2685.22
2021-06-04 15:00:00,37058.5,2702.23
2021-06-04 16:00:00,37221.7,2732.97
2021-06-04 17:00:00,37146.8,2718.01
2021-06-04 18:00:00,36847.7,2692.49
2021-06-04 19:00:00,37681.6,2768.44
2021-06-04 20:00:00,37716.2,2761.05
2021-06-04 21:00:00,37687.0,2764.63
2021-06-04 22:00:00,37410.0,2763.0
2021-06-04 23:00:00,37698.9,2786.36
2021-06-05 00:00:00,37601.1,2770.65
2021-06-05 01:00:00,37740.0,2780.38
2021-06-05 02:00:00,37604.8,2782.53
2021-06-05 03:00:00,37788.1,2810.29
2021-06-05 04:00:00,36400.0,2709.42
2021-06-05 05:00:00,36485.1,2710.64
2021-06-05 06:00:00,35889.8,2642.0
2021-06-05 07:00:00,36050.4,2643.7
2021-06-05 08:00:00,35743.7,2616.7
2021-06-05 09:00:00,35652.0,2597.43
2021-06-05 10:00:00,36308.2,2652.71
2021-06-05 11:00:00,36066.1,2628.34
2021-06-05 12:00:00,36000.0,2618.94
2021-06-05 13:00:00,36026.5,2622.49
2021-06-05 14:00:00,35782.3,2603.62
2021-06-05 15:00:00,35838.5,2631.71
2021-06-05 16:00:00,34987.4,2563.94
2021-06-05 17:00:00,35061.9,2574.69
2021-06-05 18:00:00,35534.6,2627.81
2021-06-05 19:00:00,35585.2,2630.4
2021-06-05 20:00:00,36237.9,2687.05
2021-06-05 21:00:00,36166.2,2682.85
2021-06-05 22:00:00,36020.4,2675.23
2021-06-05 23:00:00,36100.0,2681.99
2021-06-06 00:00:00,36229.0,2695.98
2021-06-06 01:00:00,35890.5,2666.18
2021-06-06 02:00:00,36180.9,2690.37
2021-06-06 03:00:00,36370.3,2737.0
2021-06-06 04:00:00,36224.9,2724.9
2021-06-06 05:00:00,36025.1,2719.28
2021-06-06 06:00:00,35909.5,2691.41
2021-06-06 07:00:00,35856.3,2691.03
2021-06-06 08:00:00,35640.7,2662.06
2021-06-06 09:00:00,36124.7,2707.74
2021-06-06 10:00:00,36195.6,2721.73
2021-06-06 11:00:00,36261.9,2724.98
2021-06-06 12:00:00,36042.5,2694.01
2021-06-06 13:00:00,35869.9,2689.2
2021-06-06 14:00:00,35775.0,2676.87
2021-06-06 15:00:00,35994.0,2711.27
2021-06-06 16:00:00,35954.1,2716.43
2021-06-06 17:00:00,35566.3,2697.12
2021-06-06 18:00:00,35789.0,2712.03
2021-06-06 19:00:00,36303.1,2764.48
2021-06-06 20:00:00,36700.1,2793.81
2021-06-06 21:00:00,36660.9,2786.46
2021-06-06 22:00:00,36399.4,2766.85
2021-06-06 23:00:00,36287.2,2769.64
2021-06-07 00:00:00,36317.3,2786.37
2021-06-07 01:00:00,36099.9,2763.01
2021-06-07 02:00:00,36157.1,2765.98
2021-06-07 03:00:00,36116.3,2759.8
2021-06-07 04:00:00,36315.9,2789.91
2021-06-07 05:00:00,36534.2,2828.32
2021-06-07 06:00:00,36388.0,2813.61
2021-06-07 07:00:00,36633.8,2832.84
2021-06-07 08:00:00,36328.5,2791.71
2021-06-07 09:00:00,36073.9,2778.73
2021-06-07 10:00:00,36018.0,2783.02
2021-06-07 11:00:00,35802.7,2764.77
2021-06-07 12:00:00,35731.6,2727.0
2021-06-07 13:00:00,35515.6,2686.22
2021-06-07 14:00:00,35666.7,2734.0
2021-06-07 15:00:00,34447.0,2656.23
2021-06-07 16:00:00,34122.4,2614.6
2021-06-07 17:00:00,34172.5,2628.0
2021-06-07 18:00:00,33587.6,2593.69
2021-06-07 19:00:00,33677.8,2590.41
2021-06-07 20:00:00,33797.9,2608.76
2021-06-07 21:00:00,32723.9,2483.85
2021-06-07 22:00:00,32838.4,2492.59
2021-06-07 23:00:00,32861.5,2502.12
2021-06-08 00:00:00,32932.5,2507.96
2021-06-08 01:00:00,32603.6,2473.38
2021-06-08 02:00:00,32974.5,2516.48
2021-06-08 03:00:00,32933.5,2522.04
2021-06-08 04:00:00,32839.7,2496.27
2021-06-08 05:00:00,32821.9,2494.16
2021-06-08 06:00:00,33145.3,2536.0
2021-06-08 07:00:00,32928.2,2503.49
2021-06-08 08:00:00,32380.3,2438.48
2021-06-08 09:00:00,31758.5,2382.28
2021-06-08 10:00:00,31741.5,2375.23
2021-06-08 11:00:00,32195.2,2409.51
2021-06-08 12:00:00,32193.4,2424.0
2021-06-08 13:00:00,32779.8,2487.75
2021-06-08 14:00:00,32915.3,2505.03
2021-06-08 15:00:00,33620.7,2537.81
2021-06-08 16:00:00,33500.0,2520.58
2021-06-08 17:00:00,33461.2,2521.88
2021-06-08 18:00:00,33420.0,2509.56
2021-06-08 19:00:00,32916.9,2454.53
2021-06-08 20:00:00,32522.3,2430.49
2021-06-08 21:00:00,32861.8,2451.23
2021-06-08 22:00:00,32936.3,2457.54
2021-06-08 23:00:00,32989.7,2460.13
2021-06-09 00:00:00,33511.8,2476.5
2021-06-09 01:00:00,34252.8,2535.98
2021-06-09 02:00:00,34193.8,2504.67
2021-06-09 03:00:00,34058.0,2482.7
2021-06-09 04:00:00,34031.9,2480.12
2021-06-09 05:00:00,34516.4,2499.38
2021-06-09 06:00:00,35016.5,2540.0
2021-06-09 07:00:00,34925.0,2545.57
2021-06-09 08:00:00,35080.2,2527.81
2021-06-09 09:00:00,34660.6,2459.66
2021-06-09 10:00:00,36374.3,2567.62
2021-06-09 11:00:00,36524.6,2600.0
2021-06-09 12:00:00,36578.9,2592.67
2021-06-09 13:00:00,35918.5,2562.39
2021-06-09 14:00:00,36281.7,2564.31
2021-06-09 15:00:00,36410.6,2563.27
2021-06-09 16:00:00,36676.4,2581.9
2021-06-09 17:00:00,37103.9,2600.01
2021-06-09 18:00:00,37396.4,2608.1
2021-06-09 19:00:00,36975.9,2579.0
2021-06-09 20:00:00,36904.2,2573.01
2021-06-09 21:00:00,37108.0,2570.02
2021-06-09 22:00:00,37000.0,2563.87
2021-06-09 23:00:00,36799.9,2548.29
2021-06-10 00:00:00,36840.0,2537.42
2021-06-10 01:00:00,36738.2,2539.89
2021-06-10 02:00:00,36997.3,2549.43
2021-06-10 03:00:00,36416.0,2512.56
2021-06-10 04:00:00,37457.5,2566.59
2021-06-10 05:00:00,37860.4,2576.86
2021-06-10 06:00:00,37845.0,2567.43
2021-06-10 07:00:00,37790.1,2558.41
2021-06-10 08:00:00,37850.0,2548.27
2021-06-10 09:00:00,37021.7,2520.0
2021-06-10 10:00:00,36918.0,2512.72
2021-06-10 11:00:00,36818.3,2480.54
2021-06-10 12:00:00,36483.4,2469.41
2021-06-10 13:00:00,36803.0,2475.87
2021-06-10 14:00:00,36682.9,2460.0
2021-06-10 15:00:00,36474.3,2468.9
2021-06-10 16:00:00,36721.2,2484.64
2021-06-10 17:00:00,36865.3,2490.97
2021-06-10 18:00:00,36678.4,2470.57
2021-06-10 19:00:00,36426.1,2438.02
2021-06-10 20:00:00,36306.1,2427.19
2021-06-10 21:00:00,36361.6,2436.88
2021-06-10 22:00:00,36779.2,2466.57
2021-06-10 23:00:00,37045.1,2477.41
2021-06-11 00:00:00,37001.7,2466.2
2021-06-11 01:00:00,36521.0,2430.63
2021-06-11 02:00:00,37200.0,2449.45
2021-06-11 03:00:00,37021.9,2443.56
2021-06-11 04:00:00,37050.0,2457.72
2021-06-11 05:00:00,37498.8,2474.89
2021-06-11 06:00:00,37404.5,2474.65
2021-06-11 07:00:00,37338.3,2459.56
2021-06-11 08:00:00,37447.0,2474.81
2021-06-11 09:00:00,37261.8,2447.94
2021-06-11 10:00:00,36824.8,2419.0
2021-06-11 11:00:00,36682.2,2376.98
2021-06-11 12:00:00,36925.5,2404.17
2021-06-11 13:00:00,37166.5,2415.04
2021-06-11 14:00:00,37270.0,2400.82
2021-06-11 15:00:00,37157.8,2383.54
2021-06-11 16:00:00,36935.6,2343.81
2021-06-11 17:00:00,37366.3,2360.78
2021-06-11 18:00:00,37322.2,2356.79
2021-06-11 19:00:00,37057.7,2340.66
2021-06-11 20:00:00,36239.7,2291.19
2021-06-11 21:00:00,35533.3,2267.1
2021-06-11 22:00:00,35588.8,2301.97
2021-06-11 23:00:00,35248.3,2283.96
2021-06-12 00:00:00,35174.2,2290.83
2021-06-12 01:00:00,35342.6,2299.4
2021-06-12 02:00:00,35289.9,2323.53
2021-06-12 03:00:00,35206.4,2309.11
2021-06-12 04:00:00,35260.8,2328.28
2021-06-12 05:00:00,35688.9,2395.2
2021-06-12 06:00:00,35625.8,2390.33
2021-06-12 07:00:00,36053.8,2438.98
2021-06-12 08:00:00,36010.0,2435.76
2021-06-12 09:00:00,35700.1,2421.84
2021-06-12 10:00:00,35418.4,2393.67
2021-06-12 11:00:00,35528.0,2392.61
2021-06-12 12:00:00,35768.8,2414.26
2021-06-12 13:00:00,35929.3,2423.61
2021-06-12 14:00:00,35740.4,2410.21
2021-06-12 15:00:00,36012.8,2403.58
2021-06-12 16:00:00,35845.4,2404.39
2021-06-12 17:00:00,35705.9,2382.14
2021-06-12 18:00:00,35544.9,2367.75
2021-06-12 19:00:00,35750.0,2389.6
2021-06-12 20:00:00,35800.0,2411.55
2021-06-12 21:00:00,35475.6,2382.1
2021-06-12 22:00:00,34868.8,2335.79
2021-06-12 23:00:00,35194.3,2340.34
2021-06-13 00:00:00,34979.9,2316.34
2021-06-13 01:00:00,35394.9,2344.86
2021-06-13 02:00:00,35300.3,2325.69
2021-06-13 03:00:00,35599.3,2355.44
2021-06-13 04:00:00,35846.4,2361.81
2021-06-13 05:00:00,36020.6,2372.09
2021-06-13 06:00:00,35934.3,2362.32
2021-06-13 07:00:00,35901.9,2359.48
2021-06-13 08:00:00,35894.3,2355.33
2021-06-13 09:00:00,35803.4,2335.04
2021-06-13 10:00:00,36038.6,2351.91
2021-06-13 11:00:00,36999.0,2398.08
2021-06-13 12:00:00,37330.1,2421.0
2021-06-13 13:00:00,37503.1,2438.97
2021-06-13 14:00:00,37676.2,2431.07
2021-06-13 15:00:00,39276.7,2526.82
2021-06-13 16:00:00,38900.0,2524.48
2021-06-13 17:00:00,38884.6,2523.14
2021-06-13 18:00:00,39034.6,2509.91
2021-06-13 19:00:00,39142.3,2498.9
2021-06-13 20:00:00,39196.1,2501.55
2021-06-13 21:00:00,38986.2,2498.8
2021-06-13 22:00:00,39001.9,2479.6
2021-06-13 23:00:00,39282.6,2488.98
2021-06-14 00:00:00,39447.7,2500.0
2021-06-14 01:00:00,39584.0,2505.62
2021-06-14 02:00:00,39533.0,2500.18
2021-06-14 03:00:00,39040.6,2476.18
2021-06-14 04:00:00,39100.0,2472.88
2021-06-14 05:00:00,39357.1,2489.16
2021-06-14 06:00:00,39176.5,2477.5
2021-06-14 07:00:00,39577.2,2492.04
2021-06-14 08:00:00,40529.9,2557.44
2021-06-14 09:00:00,40550.1,2558.0
2021-06-14 10:00:00,40694.5,2576.87
2021-06-14 11:00:00,40176.8,2579.08
2021-06-14 12:00:00,40228.6,2573.78
2021-06-14 13:00:00,39743.9,2535.44
2021-06-14 14:00:00,39711.3,2539.0
2021-06-14 15:00:00,39819.4,2541.43
2021-06-14 16:00:00,40303.8,2572.06
2021-06-14 17:00:00,40171.5,2556.13
2021-06-14 18:00:00,40530.8,2582.57
2021-06-14 19:00:00,40390.3,2598.35
2021-06-14 20:00:00,39930.5,2571.0
2021-06-14 21:00:00,40278.1,2590.01
2021-06-14 22:00:00,40415.3,2588.0
2021-06-14 23:00:00,40531.7,2634.04
2021-06-15 00:00:00,40353.9,2621.25
2021-06-15 01:00:00,40301.3,2612.47
2021-06-15 02:00:00,40378.9,2622.02
2021-06-15 03:00:00,39819.5,2581.68
2021-06-15 04:00:00,40119.9,2588.27
2021-06-15 05:00:00,39920.2,2578.33
2021-06-15 06:00:00,39844.4,2580.85
2021-06-15 07:00:00,40438.0,2598.29
2021-06-15 08:00:00,40330.9,2587.78
2021-06-15 09:00:00,40008.7,2548.81
2021-06-15 10:00:00,40065.0,2551.39
2021-06-15 11:00:00,40210.8,2557.02
2021-06-15 12:00:00,40702.3,2577.37
2021-06-15 13:00:00,40588.0,2576.07
2021-06-15 14:00:00,39955.1,2531.99
2021-06-15 15:00:00,39942.7,2522.43
2021-06-15 16:00:00,39974.3,2532.01
2021-06-15 17:00:00,40113.7,2554.55
2021-06-15 18:00:00,40166.6,2543.03
2021-06-15 19:00:00,39924.6,2520.38
2021-06-15 20:00:00,40105.3,2526.41
2021-06-15 21:00:00,40070.1,2524.75
2021-06-15 22:00:00,40058.6,2524.08
2021-06-15 23:00:00,40295.2,2533.81
2021-06-16 00:00:00,40292.9,2531.1
2021-06-16 01:00:00,40394.7,2536.9
2021-06-16 02:00:00,40116.0,2527.51
2021-06-16 03:00:00,40063.7,2523.24
2021-06-16 04:00:00,39958.4,2513.51
2021-06-16 05:00:00,39775.9,2488.76
2021-06-16 06:00:00,39102.8,2461.69
2021-06-16 07:00:00,39095.7,2449.0
2021-06-16 08:00:00,39251.7,2457.0
2021-06-16 09:00:00,38858.3,2423.35
2021-06-16 10:00:00,38787.9,2415.41
2021-06-16 11:00:00,38680.8,2395.84
2021-06-16 12:00:00,39154.6,2428.0
2021-06-16 13:00:00,38748.7,2418.96
2021-06-16 14:00:00,38668.0,2419.05
2021-06-16 15:00:00,38532.8,2400.17
2021-06-16 16:00:00,38763.6,2412.81
2021-06-16 17:00:00,38562.7,2386.69
2021-06-16 18:00:00,38337.1,2367.47
2021-06-16 19:00:00,38631.6,2395.99
2021-06-16 20:00:00,38675.4,2414.19
2021-06-16 21:00:00,38722.3,2419.12
2021-06-16 22:00:00,38867.4,2432.0
2021-06-16 23:00:00,38827.6,2426.12
2021-06-17 00:00:00,38719.9,2414.27
2021-06-17 01:00:00,39230.7,2447.0
2021-06-17 02:00:00,39231.2,2443.32
2021-06-17 03:00:00,39301.5,2440.49
2021-06-17 04:00:00,39517.1,2447.36
2021-06-17 05:00:00,39256.3,2432.44
2021-06-17 06:00:00,39155.4,2425.73
2021-06-17 07:00:00,38781.9,2388.41
2021-06-17 08:00:00,38721.1,2378.62
2021-06-17 09:00:00,38898.9,2400.25
2021-06-17 10:00:00,39021.8,2418.07
2021-06-17 11:00:00,38486.8,2363.03
2021-06-17 12:00:00,37690.3,2313.72
2021-06-17 13:00:00,37760.3,2331.03
2021-06-17 14:00:00,37729.7,2340.61
2021-06-17 15:00:00,37737.3,2343.57
2021-06-17 16:00:00,37750.8,2348.4
2021-06-17 17:00:00,37964.3,2360.38
2021-06-17 18:00:00,38078.2,2371.99
2021-06-17 19:00:00,37687.6,2349.0
2021-06-17 20:00:00,37660.8,2329.61
2021-06-17 21:00:00,37794.2,2342.32
2021-06-17 22:00:00,37936.3,2342.07
2021-06-17 23:00:00,37950.0,2360.06
2021-06-18 00:00:00,37621.0,2336.55
2021-06-18 01:00:00,37476.9,2326.99
2021-06-18 02:00:00,37711.2,2340.31
2021-06-18 03:00:00,37895.9,2344.79
2021-06-18 04:00:00,37506.5,2302.11
2021-06-18 05:00:00,37849.7,2330.63
2021-06-18 06:00:00,37835.7,2319.99
2021-06-18 07:00:00,37408.9,2284.08
2021-06-18 08:00:00,37229.0,2279.45
2021-06-18 09:00:00,36678.2,2247.95
2021-06-18 10:00:00,36362.8,2215.68
2021-06-18 11:00:00,36623.1,2238.62
2021-06-18 12:00:00,36233.8,2203.48
2021-06-18 13:00:00,35275.8,2152.21
2021-06-18 14:00:00,35339.1,2153.6
2021-06-18 15:00:00,35516.2,2194.5
2021-06-18 16:00:00,35683.1,2223.74
2021-06-18 17:00:00,35620.0,2216.66
2021-06-18 18:00:00,35824.0,2232.9
2021-06-18 19:00:00,35747.9,2239.64
2021-06-18 20:00:00,36144.1,2252.41
2021-06-18 21:00:00,35497.1,2211.02
2021-06-18 22:00:00,35123.1,2189.97
2021-06-18 23:00:00,35200.0,2196.42
2021-06-19 00:00:00,35537.6,2238.32
2021-06-19 01:00:00,35798.0,2238.82
2021-06-19 02:00:00,35789.6,2245.01
2021-06-19 03:00:00,35817.1,2252.26
2021-06-19 04:00:00,35667.3,2228.05
2021-06-19 05:00:00,35723.8,2224.63
2021-06-19 06:00:00,35965.4,2242.03
2021-06-19 07:00:00,35744.1,2233.4
2021-06-19 08:00:00,35761.5,2229.14
2021-06-19 09:00:00,36252.4,2251.61
2021-06-19 10:00:00,36116.7,2247.36
2021-06-19 11:00:00,35891.8,2243.43
2021-06-19 12:00:00,35763.6,2223.43
2021-06-19 13:00:00,35514.8,2205.76
2021-06-19 14:00:00,35957.6,2221.4
2021-06-19 15:00:00,36097.0,2225.64
2021-06-19 16:00:00,35872.7,2208.13
2021-06-19 17:00:00,35541.0,2176.74
2021-06-19 18:00:00,35490.5,2166.27
2021-06-19 19:00:00,35375.0,2169.17
2021-06-19 20:00:00,35625.0,2182.24
2021-06-19 21:00:00,35608.7,2179.74
2021-06-19 22:00:00,35533.4,2183.47
2021-06-19 23:00:00,35799.9,2208.71
2021-06-20 00:00:00,35740.6,2214.07
2021-06-20 01:00:00,35483.1,2199.42
2021-06-20 02:00:00,35630.8,2203.25
2021-06-20 03:00:00,35311.1,2180.19
2021-06-20 04:00:00,34985.1,2165.78
2021-06-20 05:00:00,34067.4,2099.56
2021-06-20 06:00:00,33890.1,2076.01
2021-06-20 07:00:00,33922.9,2079.89
2021-06-20 08:00:00,33922.5,2081.44
2021-06-20 09:00:00,34351.0,2111.0
2021-06-20 10:00:00,34450.0,2112.15
2021-06-20 11:00:00,34573.6,2124.47
2021-06-20 12:00:00,34584.0,2132.32
2021-06-20 13:00:00,34941.8,2160.01
2021-06-20 14:00:00,35491.1,2220.11
2021-06-20 15:00:00,35815.7,2256.0
2021-06-20 16:00:00,35545.5,2251.55
2021-06-20 17:00:00,35657.7,2253.59
2021-06-20 18:00:00,35595.0,2243.1
2021-06-20 19:00:00,35567.5,2236.49
2021-06-20 20:00:00,35276.4,2203.98
2021-06-20 21:00:00,35153.6,2189.83
2021-06-20 22:00:00,34660.0,2156.68
2021-06-20 23:00:00,34233.3,2120.38
2021-06-21 00:00:00,34445.3,2129.67
2021-06-21 01:00:00,32773.5,2014.02
2021-06-21 02:00:00,33007.8,2012.2
2021-06-21 03:00:00,32881.5,2014.87
2021-06-21 04:00:00,33190.0,2007.72
2021-06-21 05:00:00,32344.0,1940.1
2021-06-21 06:00:00,32550.1,1970.5
2021-06-21 07:00:00,32276.8,1948.7
2021-06-21 08:00:00,33164.9,2013.48
2021-06-21 09:00:00,32906.6,2003.96
2021-06-21 10:00:00,32687.7,1984.01
2021-06-21 11:00:00,32150.1,1922.58
2021-06-21 12:00:00,32265.4,1920.04
2021-06-21 13:00:00,32800.9,1961.16
2021-06-21 14:00:00,32586.9,1945.48
2021-06-21 15:00:00,32593.5,1940.97
2021-06-21 16:00:00,31511.5,1875.85
2021-06-21 17:00:00,31271.0,1865.01
2021-06-21 18:00:00,31655.2,1886.83
2021-06-21 19:00:00,31819.6,1915.07
2021-06-21 20:00:00,32630.1,1955.32
2021-06-21 21:00:00,32900.0,1970.1
2021-06-21 22:00:00,33019.2,1976.0
2021-06-21 23:00:00,32918.2,1968.54
2021-06-22 00:00:00,32600.0,1937.81
2021-06-22 01:00:00,32854.6,1948.23
2021-06-22 02:00:00,32618.4,1941.96
2021-06-22 03:00:00,31685.3,1880.33
2021-06-22 04:00:00,31568.7,1875.0
2021-06-22 05:00:00,31834.5,1901.52
2021-06-22 06:00:00,31223.0,1865.01
2021-06-22 07:00:00,29868.5,1788.92
2021-06-22 08:00:00,29203.1,1724.4
2021-06-22 09:00:00,30568.0,1815.67
2021-06-22 10:00:00,31702.5,1860.28
2021-06-22 11:00:00,32583.2,1915.69
2021-06-22 12:00:00,32772.8,1909.0
2021-06-22 13:00:00,33004.6,1936.88
2021-06-22 14:00:00,32429.8,1895.91
2021-06-22 15:00:00,32910.8,1930.53
2021-06-22 16:00:00,32469.7,1875.01
2021-06-22 17:00:00,32603.1,1887.92
2021-06-22 18:00:00,32516.2,1879.95
2021-06-22 19:00:00,33710.1,1935.66
2021-06-22 20:00:00,34037.8,1999.46
2021-06-22 21:00:00,33851.6,2008.09
2021-06-22 22:00:00,34000.0,2014.84
2021-06-22 23:00:00,33813.8,2001.9
2021-06-23 00:00:00,34347.5,2040.0
2021-06-23 01:00:00,33920.1,2007.19
2021-06-23 02:00:00,33976.0,2007.11
2021-06-23 03:00:00,33784.8,1973.32
2021-06-23 04:00:00,33936.8,1988.44
2021-06-23 05:00:00,34239.6,2009.82
2021-06-23 06:00:00,33952.3,1992.07
2021-06-23 07:00:00,34215.2,2011.11
2021-06-23 08:00:00,34001.2,1996.03
2021-06-23 09:00:00,34081.5,2001.0
2021-06-23 10:00:00,33496.2,1975.85
2021-06-23 11:00:00,33697.8,1988.39
2021-06-23 12:00:00,33608.7,1975.0
2021-06-23 13:00:00,33295.4,1944.04
2021-06-23 14:00:00,32884.3,1916.15
2021-06-23 15:00:00,33049.2,1932.09
2021-06-23 16:00:00,33364.8,1945.57
2021-06-23 17:00:00,33485.7,1949.93
2021-06-23 18:00:00,33683.3,1967.62
2021-06-23 19:00:00,33187.3,1938.33
2021-06-23 20:00:00,32604.2,1908.46
2021-06-23 21:00:00,32508.0,1893.41
2021-06-23 22:00:00,32612.4,1907.84
2021-06-23 23:00:00,32561.5,1905.0
2021-06-24 00:00:00,32975.3,1927.85
2021-06-24 01:00:00,33039.0,1928.76
2021-06-24 02:00:00,32862.2,1921.03
2021-06-24 03:00:00,33390.2,1952.0
2021-06-24 04:00:00,33302.6,1941.91
2021-06-24 05:00:00,33234.1,1933.3
2021-06-24 06:00:00,33880.4,1966.91
2021-06-24 07:00:00,34051.6,1978.5
2021-06-24 08:00:00,34065.0,1967.26
2021-06-24 09:00:00,34041.9,1964.76
2021-06-24 10:00:00,33936.9,1987.75
2021-06-24 11:00:00,34527.0,2011.95
2021-06-24 12:00:00,34969.9,2023.31
2021-06-24 13:00:00,34894.7,2014.99
2021-06-24 14:00:00,34834.5,2009.46
2021-06-24 15:00:00,34873.8,2005.2
2021-06-24 16:00:00,34778.3,1999.78
2021-06-24 17:00:00,34752.5,1983.0
2021-06-24 18:00:00,34666.6,1988.19
2021-06-24 19:00:00,34599.0,1984.92
2021-06-24 20:00:00,34806.4,1987.71
2021-06-24 21:00:00,35166.0,2005.16
2021-06-24 22:00:00,35089.3,1999.51
2021-06-24 23:00:00,34739.0,1975.0
2021-06-25 00:00:00,34489.5,1964.1
2021-06-25 01:00:00,34466.0,1968.86
2021-06-25 02:00:00,34310.5,1944.54
2021-06-25 03:00:00,34291.7,1934.34
2021-06-25 04:00:00,33745.0,1906.21
2021-06-25 05:00:00,33763.5,1882.25
2021-06-25 06:00:00,33288.7,1852.71
2021-06-25 07:00:00,33080.2,1858.95
2021-06-25 08:00:00,32964.0,1855.84
2021-06-25 09:00:00,32799.8,1824.17
2021-06-25 10:00:00,32594.2,1825.6
2021-06-25 11:00:00,31900.6,1817.68
2021-06-25 12:00:00,31662.7,1806.63
2021-06-25 13:00:00,32059.9,1836.74
2021-06-25 14:00:00,32254.8,1852.41
2021-06-25 15:00:00,32240.7,1867.63
2021-06-25 16:00:00,31785.3,1848.4
2021-06-25 17:00:00,31436.5,1802.99
2021-06-25 18:00:00,31583.7,1810.18
2021-06-25 19:00:00,31951.0,1835.39
2021-06-25 20:00:00,31969.8,1824.64
2021-06-25 21:00:00,31921.8,1821.99
2021-06-25 22:00:00,31996.7,1820.01
2021-06-25 23:00:00,32374.2,1835.93
2021-06-26 00:00:00,32249.3,1830.27
2021-06-26 01:00:00,31737.6,1806.48
2021-06-26 02:00:00,30760.1,1752.73
2021-06-26 03:00:00,30430.0,1733.03
2021-06-26 04:00:00,31054.8,1767.92
2021-06-26 05:00:00,31106.8,1764.91
2021-06-26 06:00:00,31786.1,1804.08
2021-06-26 07:00:00,31311.0,1781.33
2021-06-26 08:00:00,30834.9,1744.33
2021-06-26 09:00:00,31270.0,1781.8
2021-06-26 10:00:00,31569.9,1779.43
2021-06-26 11:00:00,31289.8,1759.91
2021-06-26 12:00:00,31693.5,1788.11
2021-06-26 13:00:00,31560.5,1784.34
2021-06-26 14:00:00,31559.9,1784.4
2021-06-26 15:00:00,31301.9,1766.64
2021-06-26 16:00:00,31409.4,1773.37
2021-06-26 17:00:00,31789.2,1793.33
2021-06-26 18:00:00,32277.0,1830.01
2021-06-26 19:00:00,32362.8,1836.11
2021-06-26 20:00:00,32862.5,1864.73
2021-06-26 21:00:00,33096.7,1885.0
2021-06-26 22:00:00,33143.4,1881.86
2021-06-26 23:00:00,33170.3,1880.44
2021-06-27 00:00:00,32930.5,1870.69
2021-06-27 01:00:00,33077.1,1861.0
2021-06-27 02:00:00,33287.2,1867.98
2021-06-27 03:00:00,33030.4,1849.62
2021-06-27 04:00:00,32576.5,1822.02
2021-06-27 05:00:00,32700.4,1821.13
2021-06-27 06:00:00,33275.8,1839.32
2021-06-27 07:00:00,33336.0,1856.16
2021-06-27 08:00:00,33122.0,1840.37
2021-06-27 09:00:00,33257.8,1839.06
2021-06-27 10:00:00,33202.8,1843.99
2021-06-27 11:00:00,32986.6,1831.04
2021-06-27 12:00:00,33070.9,1826.54
2021-06-27 13:00:00,32743.7,1819.69
2021-06-27 14:00:00,32816.0,1824.68
2021-06-27 15:00:00,32626.3,1816.49
2021-06-27 16:00:00,32862.4,1835.27
2021-06-27 17:00:00,34414.6,1955.74
2021-06-27 18:00:00,34675.3,1983.32
2021-06-27 19:00:00,34568.8,1980.49
2021-06-27 20:00:00,34290.1,1962.41
2021-06-27 21:00:00,34400.1,1970.42
2021-06-27 22:00:00,34416.6,1968.55
2021-06-27 23:00:00,34350.2,1972.79
2021-06-28 00:00:00,34528.0,1977.02
2021-06-28 01:00:00,34526.4,1988.5
2021-06-28 02:00:00,35027.7,2048.86
2021-06-28 03:00:00,34900.0,2067.67
2021-06-28 04:00:00,34391.8,2038.49
2021-06-28 05:00:00,34220.4,1995.01
2021-06-28 06:00:00,34112.4,1998.74
2021-06-28 07:00:00,34442.8,2016.92
2021-06-28 08:00:00,34292.5,2009.85
2021-06-28 09:00:00,34335.9,2048.51
2021-06-28 10:00:00,34959.9,2116.27
2021-06-28 11:00:00,34643.8,2109.8
2021-06-28 12:00:00,34202.7,2083.91
2021-06-28 13:00:00,34170.7,2086.54
2021-06-28 14:00:00,34453.3,2115.2
2021-06-28 15:00:00,34663.9,2133.01
2021-06-28 16:00:00,34658.3,2122.99
2021-06-28 17:00:00,34430.9,2096.08
2021-06-28 18:00:00,34472.0,2083.45
2021-06-28 19:00:00,34895.2,2138.55
2021-06-28 20:00:00,34637.2,2125.0
2021-06-28 21:00:00,34305.8,2088.77
2021-06-28 22:00:00,34585.4,2104.71
2021-06-28 23:00:00,34864.3,2121.01
2021-06-29 00:00:00,34718.5,2118.7
2021-06-29 01:00:00,35323.9,2159.3
2021-06-29 02:00:00,34910.0,2134.25
2021-06-29 03:00:00,35099.8,2148.65
2021-06-29 04:00:00,35250.1,2160.2
2021-06-29 05:00:00,35631.3,2173.72
2021-06-29 06:00:00,35604.0,2178.95
2021-06-29 07:00:00,35822.0,2173.27
2021-06-29 08:00:00,36335.7,2228.32
2021-06-29 09:00:00,36261.5,2225.21
2021-06-29 10:00:00,36253.2,2217.21
2021-06-29 11:00:00,36363.0,2226.27
2021-06-29 12:00:00,36399.2,2233.12
2021-06-29 13:00:00,36274.1,2221.54
2021-06-29 14:00:00,36400.0,2222.82
2021-06-29 15:00:00,36154.8,2192.01
2021-06-29 16:00:00,36250.2,2214.24
2021-06-29 17:00:00,35933.4,2171.34
2021-06-29 18:00:00,35903.3,2166.12
2021-06-29 19:00:00,35900.0,2173.47
2021-06-29 20:00:00,35820.0,2166.97
2021-06-29 21:00:00,35789.3,2168.04
2021-06-29 22:00:00,35101.9,2125.05
2021-06-29 23:00:00,34751.7,2095.36
2021-06-30 00:00:00,34810.5,2116.27
2021-06-30 01:00:00,35019.8,2140.41
2021-06-30 02:00:00,35246.5,2159.9
2021-06-30 03:00:00,34602.4,2117.86
2021-06-30 04:00:00,34676.3,2118.51
2021-06-30 05:00:00,34771.3,2134.78
2021-06-30 06:00:00,34864.5,2158.99
2021-06-30 07:00:00,34654.5,2137.91
2021-06-30 08:00:00,34762.6,2143.29
2021-06-30 09:00:00,34616.4,2127.21
2021-06-30 10:00:00,34199.0,2102.85
2021-06-30 11:00:00,34132.2,2109.1
2021-06-30 12:00:00,34714.8,2157.08
2021-06-30 13:00:00,34844.3,2216.94
2021-06-30 14:00:00,34742.7,2244.0
2021-06-30 15:00:00,34580.9,2237.29
2021-06-30 16:00:00,34833.3,2264.35
2021-06-30 17:00:00,34875.8,2256.12
2021-06-30 18:00:00,35046.2,2276.66
2021-06-30 19:00:00,34761.5,2248.0
2021-06-30 20:00:00,34968.4,2262.43
2021-06-30 21:00:00,34343.6,2198.46
2021-06-30 22:00:00,34160.0,2186.04
2021-06-30 23:00:00,34341.4,2210.17
2021-07-01 00:00:00,34343.7,2216.46
2021-07-01 01:00:00,33547.8,2161.1
2021-07-01 02:00:00,33356.7,2129.99
2021-07-01 03:00:00,33452.3,2122.74
2021-07-01 04:00:00,33249.9,2107.62
2021-07-01 05:00:00,33205.7,2114.04
2021-07-01 06:00:00,33802.2,2138.79
2021-07-01 07:00:00,33663.8,2128.81
2021-07-01 08:00:00,33434.9,2112.92
2021-07-01 09:00:00,33200.7,2092.83
2021-07-01 10:00:00,33450.9,2119.05
2021-07-01 11:00:00,33170.0,2083.07
2021-07-01 12:00:00,33503.1,2104.27
2021-07-01 13:00:00,33318.9,2114.32
2021-07-01 14:00:00,33110.0,2102.01
2021-07-01 15:00:00,33420.3,2120.13
2021-07-01 16:00:00,33506.4,2130.08
2021-07-01 17:00:00,33565.6,2129.72
2021-07-01 18:00:00,33501.5,2118.83
