timestamp,GRAD_AAPL,GRAD_MSFT,GRAD_AMZN,GRAD_FB,GRAD_GOOGL,GRAD_TSLA,GRAD_BRK.B,GRAD_NVDA,GRAD_JPM,GRAD_JNJ
2021-06-04 20:00:00+00:00,10000.0,10000.0,10000.0,10000.0,10000,10000.0,10000,10000.0,10000.0,10000.0
2021-06-04 21:00:00+00:00,10000.0,10000.0,10000.0,10000.0,10000,10000.0,10000,10000.0,10000.0,10000.0
2021-06-04 22:00:00+00:00,10000.0,10000.0,10000.0,10000.0,10000,10000.0,10000,10000.0,10000.0,10000.0
2021-06-04 23:00:00+00:00,10000.0,10000.0,10000.0,10000.0,10000,10000.0,10000,10000.0,10000.0,10000.0
2021-06-07 08:00:00+00:00,10000.0,10000.0,10000.0,10000.0,10000,10000.0,10000,10000.0,10000.0,10000.0
2021-06-07 09:00:00+00:00,10000.0,10000.0,10000.0,10000.0,10000,10000.0,10000,10000.0,10000.0,10000.0
2021-06-07 10:00:00+00:00,10000.0,10000.0,10000.0,10000.0,10000,10000.0,10000,10000.0,10000.0,10000.0
2021-06-07 11:00:00+00:00,10000.0,10000.0,10000.0,10000.0,10000,10000.0,10000,10000.0,10000.0,10000.0
2021-06-07 12:00:00+00:00,10000.0,10000.0,10000.0,10000.0,10000,10000.0,10000,10000.0,10000.0,10000.0
2021-06-07 13:00:00+00:00,10000.0,10000.0,10000.0,10000.0,10000,10000.0,10000,9992.264284701547,10000.0,10000.0
2021-06-07 14:00:00+00:00,10000.0,10000.0,10000.0,10000.0,10000,10000.0,10000,9910.25095703956,10000.0,10000.0
2021-06-07 15:00:00+00:00,10000.0,10000.0,10000.0,10000.0,10000,10000.0,10000,9844.037998015028,10000.0,10000.0
2021-06-07 16:00:00+00:00,10000.0,10000.0,10000.0,10000.0,10000,10000.0,10000,9905.926556075428,10000.0,10000.0
2021-06-07 17:00:00+00:00,10000.0,10000.0,10000.0,10000.0,10000,10000.0,10000,9886.431305827307,10000.0,10000.0
2021-06-07 18:00:00+00:00,10000.0,10000.0,10000.0,10000.0,10000,10000.0,10000,9949.170565716717,10000.0,10000.0
2021-06-07 19:00:00+00:00,10000.0,10000.0,10000.0,10000.0,10000,10000.0,10000,9989.791578051894,10000.0,10000.0
2021-06-07 20:00:00+00:00,10000.0,10000.0,10000.0,10000.0,10000,10000.0,10000,9981.709910676309,10000.0,10000.0
2021-06-07 21:00:00+00:00,10000.0,10000.0,10000.0,10000.0,10000,10000.0,10000,9974.337161491565,10000.0,10000.0
2021-06-07 22:00:00+00:00,10000.0,10000.0,10000.0,10000.0,10000,10000.0,10000,9954.629235786191,10000.0,10000.0
2021-06-07 23:00:00+00:00,10000.0,10000.0,10000.0,10013.648636619886,10000,10000.0,10000,9960.300581312917,10000.0,10000.0
2021-06-08 08:00:00+00:00,10000.0,10000.0,10000.0,10013.648636619886,10000,10258.333333333334,10000,9976.605699702255,10000.0,10000.0
2021-06-08 09:00:00+00:00,10000.0,10000.0,10000.0,9999.10987152479,10000,10390.0,10000,9986.95590528853,10000.0,10000.0
2021-06-08 10:00:00+00:00,10000.0,10000.0,10000.0,10006.527608818207,10000,10358.333333333334,10000,9924.854671770878,10000.0,10000.0
2021-06-08 11:00:00+00:00,10000.0,10000.0,10000.0,10016.91244102899,10000,10387.5,10000,9868.141216503616,10000.0,10000.0
2021-06-08 12:00:00+00:00,10000.0,10000.0,10000.0,10006.23089932647,10000,10403.333333333334,10000,9907.8406351907,10000.0,10000.0
2021-06-08 13:00:00+00:00,10000.0,10000.0,10000.0,9938.432780464647,10000,10244.808333333334,10000,9844.463348929536,10000.0,10000.0
2021-06-08 14:00:00+00:00,10000.0,10000.0,10000.0,9932.350235884047,10000,10053.666666666668,10000,9874.4505884021,10000.0,10000.0
2021-06-08 15:00:00+00:00,10000.0,10000.0,10000.0,9898.52535382607,10000,10016.325,10000,9837.657734297463,10000.0,10000.0
2021-06-08 16:00:00+00:00,10000.0,10000.0,10000.0,9921.965403673263,10000,10030.833333333334,10000,9883.028498511272,10000.0,10000.0
2021-06-08 17:00:00+00:00,10000.0,10000.0,10000.0,9885.321781443788,10000,10015.25,10000,9868.424783779952,10000.0,10043.061023622045
2021-06-08 18:00:00+00:00,10000.0,10000.0,10000.0,9910.987152479007,10000,10063.773333333334,10000,9905.713880618177,10000.0,10058.132381889764
2021-06-08 19:00:00+00:00,10000.0,10000.0,10000.0,9900.30561077649,10000,10058.333333333334,10000,9900.609669644124,10000.0,10051.05807086614
2021-06-08 20:00:00+00:00,10000.0,10000.0,10000.0,9898.822063317806,10000,10027.666666666666,10000,9885.155253083796,10000.0,10042.445866141732
2021-06-08 21:00:00+00:00,10000.0,10000.0,10000.0,9898.228644334333,10000,10016.666666666668,10000,9885.155253083796,10000.0,10051.05807086614
2021-06-08 22:00:00+00:00,10000.0,10000.0,10000.0,9908.613476545115,10000,10021.666666666666,10000,9885.155253083796,10000.0,10051.05807086614
2021-06-08 23:00:00+00:00,10000.0,10000.0,10000.0,9905.64638162775,10000,10024.166666666668,10000,9885.155253083796,10000.0,10046.136811023622
2021-06-09 08:00:00+00:00,10000.0,10000.0,10000.0,9910.097024003799,10000,10069.166666666668,10000,9885.155253083796,10000.0,10046.136811023622
2021-06-09 09:00:00+00:00,10000.0,10000.0,10000.0,9924.93249859063,10000,10050.0,10000,9885.155253083796,10000.0,10046.136811023622
2021-06-09 10:00:00+00:00,10000.0,10000.0,10000.0,9932.943654867518,10000,10058.333333333334,10000,9885.155253083796,10000.0,10046.136811023622
2021-06-09 11:00:00+00:00,10000.0,10000.0,10000.0,9928.196302999733,10000,10074.833333333334,10000,9956.016581062891,10000.0,10058.43996062992
2021-06-09 12:00:00+00:00,10000.0,10000.0,10000.0,9939.767973177462,10000,10069.166666666668,10000,9948.930448264982,10000.0,10051.673228346457
2021-06-09 13:00:00+00:00,10000.0,10000.0,10000.0,9934.723911817939,10000,10069.166666666668,10000,9818.97360720444,10000.0,10164.247047244093
2021-06-09 14:00:00+00:00,10000.0,10000.0,10000.0,9882.50304127229,10000,10105.872367070046,10000,9816.895953068093,10000.0,10189.468503937007
2021-06-09 15:00:00+00:00,10000.0,10000.0,10000.0,9877.755689404505,10000,10001.923772355269,10000,9877.573090990034,10000.0,10155.01968503937
2021-06-09 16:00:00+00:00,10000.0,10000.0,10000.0,9882.799750764027,10000,10078.667201149909,10000,9920.444194417387,10000.0,10165.471210629921
2021-06-09 17:00:00+00:00,10000.0,10000.0,10000.0,9882.799750764027,10000,10020.694586007616,10000,9930.687907990045,10000.0,10165.471210629921
2021-06-09 18:00:00+00:00,10000.0,10000.0,10000.0,9882.799750764027,10000,10009.765801170026,10000,9845.047741447628,10000.0,10165.471210629921
2021-06-09 19:00:00+00:00,10000.0,10000.0,10000.0,9882.799750764027,10000,9990.744710002315,10000,9840.22917114505,10000.0,10165.471210629921
2021-06-09 20:00:00+00:00,10000.0,10000.0,10000.0,9882.799750764027,10000,9984.404346279744,10000,9824.923124301566,10000.0,10165.471210629921
2021-06-09 21:00:00+00:00,10000.0,10000.0,10000.0,9882.799750764027,10000,9969.387695357866,10000,9835.410600842471,10000.0,10165.471210629921
2021-06-09 22:00:00+00:00,10000.0,10000.0,10000.0,9882.799750764027,10000,9973.3921356037,10000,9840.22917114505,10000.0,10165.471210629921
2021-06-09 23:00:00+00:00,10000.0,10000.0,10000.0,9882.799750764027,10000,9977.730279203353,10000,9830.875475851808,10000.0,10165.471210629921
2021-06-10 08:00:00+00:00,10000.0,10000.0,10000.0,9882.799750764027,10000,9917.163120485113,10000,9810.042245425955,10000.0,10165.471210629921
2021-06-10 09:00:00+00:00,10000.0,10000.0,10000.0,9882.799750764027,10000,9930.344402960982,10000,9800.121659508883,10000.0,10165.471210629921
2021-06-10 10:00:00+00:00,10000.0,10000.0,10000.0,9882.799750764027,10000,9984.904901310472,10000,9780.563932986652,10000.0,10165.471210629921
2021-06-10 11:00:00+00:00,10000.0,10000.0,10000.0,9882.799750764027,10000,10025.950413830273,10000,9780.563932986652,10000.0,10165.471210629921
2021-06-10 12:00:00+00:00,10000.0,10000.0,10000.0,9882.799750764027,10000,10075.338510195561,10000,9780.563932986652,10000.0,10165.471210629921
2021-06-10 13:00:00+00:00,10000.0,10000.0,10000.0,9882.799750764027,10000,10151.090840029357,10000,9780.563932986652,10000.0,10165.471210629921
2021-06-10 14:00:00+00:00,10000.0,10000.0,10000.0,9882.799750764027,10000,10157.42953523516,10000,9780.563932986652,10000.0,10165.471210629921
2021-06-10 15:00:00+00:00,10000.0,10000.0,10000.0,9882.799750764027,10000,10157.42953523516,10000,9780.563932986652,10000.0,10165.471210629921
2021-06-10 16:00:00+00:00,10000.0,10000.0,10000.0,9882.799750764027,10000,10157.42953523516,10000,9780.563932986652,10000.0,10165.471210629921
2021-06-10 17:00:00+00:00,10000.0,10000.0,10000.0,9882.799750764027,10000,10157.42953523516,10000,9780.563932986652,10000.0,10165.471210629921
2021-06-10 18:00:00+00:00,10000.0,10000.0,10000.0,9882.799750764027,10000,10157.42953523516,10000,9780.563932986652,10000.0,10165.471210629921
2021-06-10 19:00:00+00:00,10000.0,10000.0,10000.0,9882.799750764027,10000,10157.42953523516,10000,9780.563932986652,10000.0,10165.471210629921
2021-06-10 20:00:00+00:00,10000.0,10000.0,10000.0,9882.799750764027,10000,10157.42953523516,10000,9780.563932986652,10000.0,10165.471210629921
2021-06-10 21:00:00+00:00,10000.0,10000.0,10000.0,9882.799750764027,10000,10157.42953523516,10000,9780.563932986652,10000.0,10165.471210629921
2021-06-10 22:00:00+00:00,10000.0,10000.0,10000.0,9882.799750764027,10000,10157.42953523516,10000,9780.563932986652,10000.0,10165.471210629921
2021-06-10 23:00:00+00:00,10000.0,10000.0,10000.0,9882.799750764027,10000,10157.42953523516,10000,9780.563932986652,10000.0,10165.471210629921
2021-06-11 08:00:00+00:00,10000.0,10000.0,10000.0,9882.799750764027,10000,10157.42953523516,10000,9780.563932986652,10000.0,10165.471210629921
2021-06-11 09:00:00+00:00,10000.0,10000.0,10000.0,9882.799750764027,10000,10157.42953523516,10000,9780.563932986652,10000.0,10165.471210629921
2021-06-11 10:00:00+00:00,10000.0,10000.0,10000.0,9882.799750764027,10000,10157.42953523516,10000,9780.563932986652,10000.0,10165.471210629921
2021-06-11 11:00:00+00:00,10000.0,10000.0,10000.0,9882.799750764027,10000,10157.42953523516,10000,9780.563932986652,10000.0,10165.471210629921
2021-06-11 12:00:00+00:00,10000.0,10000.0,10000.0,9882.799750764027,10000,10157.42953523516,10000,9780.563932986652,10000.0,10165.471210629921
2021-06-11 13:00:00+00:00,10000.0,10000.0,10000.0,9882.799750764027,10000,10157.42953523516,10000,9780.563932986652,10000.0,10165.471210629921
2021-06-11 14:00:00+00:00,10000.0,10000.0,10000.0,9882.799750764027,10000,10157.42953523516,10000,9780.563932986652,10000.0,10165.471210629921
2021-06-11 15:00:00+00:00,10000.0,10000.0,10000.0,9882.799750764027,10000,10157.42953523516,10000,9780.563932986652,10000.0,10165.471210629921
2021-06-11 16:00:00+00:00,10000.0,10000.0,10000.0,9882.799750764027,10000,10157.42953523516,10000,9780.563932986652,10000.0,10165.471210629921
2021-06-11 17:00:00+00:00,10000.0,10000.0,10000.0,9882.799750764027,10000,10157.42953523516,10000,9780.563932986652,10000.0,10165.471210629921
2021-06-11 18:00:00+00:00,10000.0,10000.0,10000.0,9882.799750764027,10000,10157.42953523516,10000,9780.563932986652,10000.0,10165.471210629921
2021-06-11 19:00:00+00:00,10000.0,10000.0,10000.0,9882.799750764027,10000,10157.42953523516,10000,9780.563932986652,10000.0,10165.471210629921
2021-06-11 20:00:00+00:00,10000.0,10000.0,10000.0,9882.799750764027,10000,10157.42953523516,10000,9780.563932986652,10000.0,10165.471210629921
2021-06-11 21:00:00+00:00,10000.0,10000.0,10000.0,9882.799750764027,10000,10157.42953523516,10000,9780.563932986652,10000.0,10165.471210629921
2021-06-11 22:00:00+00:00,10000.0,10000.0,10000.0,9882.799750764027,10000,10157.42953523516,10000,9780.563932986652,10000.0,10165.471210629921
2021-06-11 23:00:00+00:00,10000.0,10000.0,10000.0,9882.799750764027,10000,10157.42953523516,10000,9780.563932986652,10000.0,10165.471210629921
2021-06-14 08:00:00+00:00,10000.0,10000.0,10000.0,9882.799750764027,10000,10157.42953523516,10000,9865.612315012624,10000.0,10165.471210629921
2021-06-14 09:00:00+00:00,10000.0,10000.0,10000.0,9882.799750764027,10000,10157.42953523516,10000,9849.425687465744,10000.0,10165.471210629921
2021-06-14 10:00:00+00:00,10000.0,10000.0,10000.0,9882.799750764027,10000,10157.42953523516,10000,9854.775505044798,10000.0,10165.471210629921
2021-06-14 11:00:00+00:00,10000.0,10000.0,10000.0,9882.799750764027,10000,10157.42953523516,10000,9821.716375902444,10000.0,10165.471210629921
2021-06-14 12:00:00+00:00,10000.0,10000.0,10000.0,9882.799750764027,10000,10157.42953523516,10000,9807.998894930513,10000.0,10165.471210629921
2021-06-14 13:00:00+00:00,10000.0,10000.0,10000.0,9882.799750764027,10000,10157.42953523516,10000,9763.417081771739,10000.0,10165.471210629921
2021-06-14 14:00:00+00:00,10000.0,10000.0,10000.0,9882.799750764027,10000,10157.42953523516,10000,9789.480295618407,10000.0,10165.471210629921
2021-06-14 15:00:00+00:00,10000.0,10000.0,10000.0,9882.799750764027,10000,10157.42953523516,10000,9798.506398097938,10000.0,10165.471210629921
2021-06-14 16:00:00+00:00,10000.0,10000.0,10000.0,9882.799750764027,10000,10157.42953523516,10000,9852.717882899007,10000.0,10165.471210629921
2021-06-14 17:00:00+00:00,10000.0,10000.0,10000.0,9882.799750764027,10000,10157.42953523516,10000,9876.172031864815,10000.0,10165.471210629921
2021-06-14 18:00:00+00:00,10000.0,10000.0,10000.0,9882.799750764027,10000,10157.42953523516,10000,9866.023839441781,10000.0,10165.471210629921
2021-06-14 19:00:00+00:00,10000.0,10000.0,10000.0,9924.925138144501,10000,10157.42953523516,10000,9886.0513616608,10000.0,10165.471210629921
2021-06-14 20:00:00+00:00,10000.0,10000.0,10000.0,9926.693131459293,10000,10157.42953523516,10000,9883.307865466413,10000.0,10165.471210629921
2021-06-14 21:00:00+00:00,10000.0,10000.0,10000.0,9920.799820409984,10000,10157.42953523516,10000,9885.502662421923,10000.0,10165.471210629921
2021-06-14 22:00:00+00:00,10000.0,10000.0,10000.0,9915.79050601807,10000,10157.42953523516,10000,9874.940202073536,10000.0,10165.471210629921
2021-06-14 23:00:00+00:00,10000.0,10000.0,10000.0,9921.389151514913,10000,10157.42953523516,10000,9874.940202073536,10000.0,10165.471210629921
2021-06-15 08:00:00+00:00,10000.0,10000.0,10000.0,9933.175773613537,10000,10157.42953523516,10000,9874.940202073536,10000.0,10165.471210629921
2021-06-15 09:00:00+00:00,10000.0,10000.0,10000.0,9933.175773613537,10000,10157.42953523516,10000,9874.940202073536,10000.0,10165.471210629921
2021-06-15 10:00:00+00:00,10000.0,10000.0,10000.0,9923.451810382172,10000,10157.42953523516,10000,9873.568682601026,10000.0,10165.471210629921
2021-06-15 11:00:00+00:00,10000.0,10000.0,10000.0,9944.89462263509,10000,10157.42953523516,10000,9847.509812623332,10000.0,10165.471210629921
2021-06-15 12:00:00+00:00,10000.0,10000.0,10000.0,9906.655873891637,10000,10157.42953523516,10000,9847.509812623332,10000.0,10165.471210629921
2021-06-15 13:00:00+00:00,10000.0,10000.0,10000.0,9965.586037729221,10000,10157.42953523516,10000,9842.709494469545,10000.0,10165.471210629921
2021-06-15 14:00:00+00:00,10000.0,10000.0,10000.0,9907.539870549033,10000,10157.42953523516,10000,9817.062080333604,10000.0,10165.471210629921
2021-06-15 15:00:00+00:00,10000.0,10000.0,10000.0,9904.887880576844,10000,10157.42953523516,10000,9804.190370084096,10000.0,10165.471210629921
2021-06-15 16:00:00+00:00,10000.0,10000.0,10000.0,9891.185932387196,10000,10157.42953523516,10000,9829.670458844392,10000.0,10165.471210629921
2021-06-15 17:00:00+00:00,10000.0,10000.0,10000.0,9897.521241765204,10000,10157.42953523516,10000,9830.365819216953,10000.0,10165.471210629921
2021-06-15 18:00:00+00:00,10000.0,10000.0,10000.0,9939.069084662848,10000,10157.42953523516,10000,9790.043146725153,10000.0,10165.471210629921
2021-06-15 19:00:00+00:00,10000.0,10000.0,10000.0,9939.069084662848,10000,10157.42953523516,10000,9758.909654699171,10000.0,10165.471210629921
2021-06-15 20:00:00+00:00,10000.0,10000.0,10000.0,9939.069084662848,10000,10157.42953523516,10000,9758.361046910168,10000.0,10165.471210629921
2021-06-15 21:00:00+00:00,10000.0,10000.0,10000.0,9939.069084662848,10000,10157.42953523516,10000,9756.989527437658,10000.0,10165.471210629921
2021-06-15 22:00:00+00:00,10000.0,10000.0,10000.0,9939.069084662848,10000,10157.42953523516,10000,9756.989527437658,10000.0,10165.471210629921
2021-06-15 23:00:00+00:00,10000.0,10000.0,10000.0,9939.069084662848,10000,10157.42953523516,10000,9740.531293767535,10000.0,10165.471210629921
2021-06-16 08:00:00+00:00,10000.0,10000.0,9988.165680473372,9939.069084662848,10000,10157.42953523516,10000,9740.531293767535,10000.0,10165.471210629921
2021-06-16 09:00:00+00:00,10000.0,10000.0,9988.165680473372,9939.069084662848,10000,10157.42953523516,10000,9740.531293767535,10000.0,10165.471210629921
2021-06-16 10:00:00+00:00,10000.0,10000.0,10005.917159763314,9939.069084662848,10000,10157.42953523516,10000,9738.748318453272,10000.0,10165.471210629921
2021-06-16 11:00:00+00:00,10000.0,10000.0,10015.976331360947,9939.069084662848,10000,10157.42953523516,10000,9718.586982207373,10000.0,10165.471210629921
2021-06-16 12:00:00+00:00,10000.0,10000.0,10032.573964497042,9939.069084662848,10000,10157.42953523516,10000,9737.651102875263,10000.0,10165.471210629921
2021-06-16 13:00:00+00:00,10000.0,10000.0,10076.46449704142,9939.069084662848,10000,10157.42953523516,10000,9826.251260799425,10000.0,10165.471210629921
2021-06-16 14:00:00+00:00,10000.0,10000.0,10087.455621301775,9939.069084662848,10000,10157.42953523516,10000,9764.258580641961,10022.633644342404,10165.471210629921
2021-06-16 15:00:00+00:00,10000.0,10000.0,10056.360946745563,9939.069084662848,10000,10157.42953523516,10000,9792.793043267537,10069.529252764074,10165.471210629921
2021-06-16 16:00:00+00:00,10000.0,10000.0,10055.460355029587,9939.069084662848,10000,10157.42953523516,10000,9763.847124800208,10039.24250565841,10165.471210629921
2021-06-16 17:00:00+00:00,10000.0,10000.0,10073.934911242603,9939.069084662848,10000,10157.42953523516,10000,9785.928588307623,10049.989415921713,10165.471210629921
2021-06-16 18:00:00+00:00,10000.0,10000.0,10044.467455621303,9939.069084662848,10000,10157.42953523516,10000,9709.397801741552,10175.695699607575,10165.471210629921
2021-06-16 19:00:00+00:00,10000.0,10000.0,10102.899408284024,9939.069084662848,10000,10157.42953523516,10000,9709.397801741552,10178.952339081303,10165.471210629921
2021-06-16 20:00:00+00:00,10000.0,10000.0,10104.289940828403,9939.069084662848,10000,10157.42953523516,10000,9709.397801741552,10163.97179750216,10165.471210629921
2021-06-16 21:00:00+00:00,10000.0,10000.0,10084.31952662722,9939.069084662848,10000,10157.42953523516,10000,9716.237332455656,10178.301011186559,10165.471210629921
2021-06-16 22:00:00+00:00,10000.0,10000.0,10078.402366863906,9939.069084662848,10000,10157.42953523516,10000,9706.251617613065,10174.393043818085,10165.471210629921
2021-06-16 23:00:00+00:00,10000.0,10000.0,10063.076923076924,9939.069084662848,10000,10157.42953523516,10000,9684.77549117078,10191.327569081466,10165.471210629921
2021-06-17 08:00:00+00:00,10000.0,10000.0,10063.076923076924,9939.069084662848,10000,10157.42953523516,10000,9674.789776328187,10198.492175923666,10165.471210629921
2021-06-17 09:00:00+00:00,10000.0,10000.0,10063.076923076924,9939.069084662848,10000,10157.42953523516,10000,9684.77549117078,10206.30811066061,10165.471210629921
2021-06-17 10:00:00+00:00,10000.0,10000.0,10063.076923076924,9939.069084662848,10000,10157.42953523516,10000,9663.983317799904,10225.847947502973,10165.471210629921
2021-06-17 11:00:00+00:00,10000.0,10000.0,10063.076923076924,9939.069084662848,10000,10157.42953523516,10000,9686.82735038501,10233.663882239918,10165.471210629921
2021-06-17 12:00:00+00:00,10000.0,10000.0,10063.076923076924,9939.069084662848,10000,10157.42953523516,10000,9692.025393727728,10238.87450539788,10165.471210629921
2021-06-17 13:00:00+00:00,10000.0,10000.0,10063.076923076924,9939.069084662848,10000,10157.42953523516,10000,9960.408578949156,10089.720417501181,10165.471210629921
2021-06-17 14:00:00+00:00,10000.0,10000.0,10063.076923076924,9939.069084662848,10000,10157.42953523516,10000,10195.688435514323,10089.720417501181,10165.471210629921
2021-06-17 15:00:00+00:00,10000.0,10000.0,10063.076923076924,9939.069084662848,10000,10157.42953523516,10000,10236.043034633678,10089.720417501181,10165.471210629921
2021-06-17 16:00:00+00:00,10000.0,10000.0,10063.076923076924,9939.069084662848,10000,10157.42953523516,10000,10242.197244370227,10089.720417501181,10165.471210629921
2021-06-17 17:00:00+00:00,10000.0,10000.0,10063.076923076924,9939.069084662848,10000,10239.780505079632,10000,10271.385625645737,10089.720417501181,10165.471210629921
2021-06-17 18:00:00+00:00,10000.0,10000.0,10063.076923076924,9939.069084662848,10000,10218.385043903536,10000,10234.331784049007,10089.720417501181,10165.471210629921
2021-06-17 19:00:00+00:00,10000.0,10000.0,10063.076923076924,9939.069084662848,10000,10184.853980684611,10000,10209.093915713967,10089.720417501181,10165.471210629921
2021-06-17 20:00:00+00:00,10000.0,10000.0,10063.076923076924,9939.069084662848,10000,10174.941669828611,10000,10245.617009727279,10089.720417501181,10165.471210629921
2021-06-17 21:00:00+00:00,10000.0,10000.0,10063.076923076924,9939.069084662848,10000,10158.425556472648,10000,10245.617009727279,10089.720417501181,10165.471210629921
2021-06-17 22:00:00+00:00,10000.0,10000.0,10063.076923076924,9939.069084662848,10000,10169.492459111407,10000,10245.617009727279,10089.720417501181,10165.471210629921
2021-06-17 23:00:00+00:00,10000.0,10000.0,10063.076923076924,9939.069084662848,10000,10184.688803033287,10000,10245.617009727279,10089.720417501181,10165.471210629921
2021-06-18 08:00:00+00:00,10000.0,10000.0,10063.076923076924,9939.069084662848,10000,10213.594892015119,10000,10245.617009727279,10089.720417501181,10165.471210629921
2021-06-18 09:00:00+00:00,10000.0,10000.0,10063.076923076924,9939.069084662848,10000,10207.978851870077,10000,10245.617009727279,10089.720417501181,10165.471210629921
2021-06-18 10:00:00+00:00,10000.0,10000.0,10063.076923076924,9939.069084662848,10000,10186.505757197858,10000,10245.617009727279,10089.720417501181,10165.471210629921
2021-06-18 11:00:00+00:00,10000.0,10000.0,10054.421753705012,9939.069084662848,10000,10174.943321605124,10000,10245.617009727279,10089.720417501181,10165.471210629921
2021-06-18 12:00:00+00:00,10000.0,10000.0,10019.801076217362,9939.069084662848,10000,10140.7515477809,10000,10245.617009727279,10089.720417501181,10165.471210629921
2021-06-18 13:00:00+00:00,10000.0,10000.0,10077.242550282286,9939.069084662848,10000,10184.358447730636,10000,10245.617009727279,10089.720417501181,10165.471210629921
2021-06-18 14:00:00+00:00,10000.0,10000.0,10096.168520642203,9939.069084662848,10000,10179.733473493541,10000,10245.617009727279,10089.720417501181,10165.471210629921
2021-06-18 15:00:00+00:00,10000.0,10000.0,10081.050824805929,9939.069084662848,10000,10209.467102508512,10000,10245.617009727279,10089.720417501181,10165.471210629921
2021-06-18 16:00:00+00:00,10000.0,10000.0,10078.252320042344,9939.069084662848,10000,10347.686109360557,10000,10245.617009727279,10089.720417501181,10165.471210629921
2021-06-18 17:00:00+00:00,10000.0,10000.0,10069.481748412138,9939.069084662848,10000,10288.090012762585,10000,10245.617009727279,10089.720417501181,10165.471210629921
2021-06-18 18:00:00+00:00,10000.0,10000.0,10044.497447997532,9939.069084662848,10000,10211.447582547897,10000,10245.617009727279,10089.720417501181,10165.471210629921
2021-06-18 19:00:00+00:00,10000.0,10000.0,10058.374281051518,9939.069084662848,10000,10295.853362374848,10000,10245.617009727279,10089.720417501181,10165.471210629921
2021-06-18 20:00:00+00:00,10000.0,10000.0,10046.430147318279,9939.069084662848,10000,10274.04991239998,10000,10245.617009727279,10089.720417501181,10165.471210629921
2021-06-18 21:00:00+00:00,10000.0,10000.0,10043.747044812986,9939.069084662848,10000,10274.04991239998,10000,10245.617009727279,10089.720417501181,10165.471210629921
2021-06-18 22:00:00+00:00,10000.0,10000.0,10048.651640790404,9939.069084662848,10000,10274.04991239998,10000,10245.617009727279,10089.720417501181,10165.471210629921
2021-06-18 23:00:00+00:00,10000.0,10000.0,10045.7665843331,9939.069084662848,10000,10274.04991239998,10000,10245.617009727279,10089.720417501181,10165.471210629921
2021-06-21 08:00:00+00:00,10000.0,10000.0,10068.847035991532,9939.069084662848,10000,10274.04991239998,10000,10245.617009727279,10089.720417501181,10165.471210629921
2021-06-21 09:00:00+00:00,10000.0,10000.0,10086.157374735358,9939.069084662848,10000,10274.04991239998,10000,10245.617009727279,10089.720417501181,10165.471210629921
2021-06-21 10:00:00+00:00,10000.0,10000.0,10086.157374735358,9939.069084662848,10000,10274.04991239998,10000,10245.617009727279,10089.720417501181,10165.471210629921
2021-06-21 11:00:00+00:00,10000.0,10000.0,10086.157374735358,9939.069084662848,10000,10274.04991239998,10000,10245.617009727279,10089.720417501181,10165.471210629921
2021-06-21 12:00:00+00:00,10000.0,10000.0,10086.157374735358,9939.069084662848,10000,10274.04991239998,10000,10245.617009727279,10089.720417501181,10165.471210629921
2021-06-21 13:00:00+00:00,10000.0,10016.932845872618,10086.157374735358,9939.069084662848,10000,10274.04991239998,10000,10245.617009727279,10089.720417501181,10165.471210629921
2021-06-21 14:00:00+00:00,10000.0,10111.602847796805,10086.157374735358,9939.069084662848,10000,10274.04991239998,10000,10245.617009727279,10089.720417501181,10165.471210629921
2021-06-21 15:00:00+00:00,10000.0,10120.838945545505,10086.157374735358,9939.069084662848,10000,10274.04991239998,10000,10245.617009727279,10089.720417501181,10165.471210629921
2021-06-21 16:00:00+00:00,10000.0,10079.661343082547,10086.157374735358,9939.069084662848,10000,10274.04991239998,10000,10245.617009727279,10089.720417501181,10165.471210629921
2021-06-21 17:00:00+00:00,10000.0,10109.682509139888,10086.157374735358,9939.069084662848,10000,10274.04991239998,10000,10245.617009727279,10089.720417501181,10165.471210629921
2021-06-21 18:00:00+00:00,10000.0,10090.821627862226,10086.157374735358,9939.069084662848,10000,10274.04991239998,10000,10245.617009727279,10089.720417501181,10165.471210629921
2021-06-21 19:00:00+00:00,10000.0,10105.364633442368,10086.157374735358,9939.069084662848,10000,10152.868978599388,10000,10327.956262770114,10089.720417501181,10165.471210629921
2021-06-21 20:00:00+00:00,10000.0,10106.984798922453,10086.157374735358,9939.069084662848,10000,10138.804794649523,10000,10321.651894459957,10089.720417501181,10165.471210629921
2021-06-21 21:00:00+00:00,10000.0,10107.754473734845,10086.157374735358,9939.069084662848,10000,10147.472256851182,10000,10303.439274897288,10089.720417501181,10165.471210629921
2021-06-21 22:00:00+00:00,10000.0,10111.602847796805,10086.157374735358,9939.069084662848,10000,10147.472256851182,10000,10283.125199231232,10089.720417501181,10165.471210629921
2021-06-21 23:00:00+00:00,10000.0,10121.223782951702,10086.157374735358,9939.069084662848,10000,10159.737533551648,10000,10316.048011517598,10089.720417501181,10165.471210629921
2021-06-22 08:00:00+00:00,10000.0,10094.28516451799,10086.157374735358,9939.069084662848,10000,10084.51050312213,10000,10270.936753831596,10089.720417501181,10165.471210629921
2021-06-22 09:00:00+00:00,10000.0,10101.981912641908,10086.157374735358,9939.069084662848,10000,10106.75153820564,10000,10280.603451907169,10070.975001026492,10165.471210629921
2021-06-22 10:00:00+00:00,10000.0,10106.984798922453,10086.157374735358,9939.069084662848,10000,10155.649107984826,10000,10343.226843788045,10055.576980350854,10165.471210629921
2021-06-22 11:00:00+00:00,10000.0,10135.847604387145,10086.157374735358,9939.069084662848,10000,10195.552141517006,10000,10395.202858078437,10070.30552186668,10165.471210629921
2021-06-22 12:00:00+00:00,10000.0,10121.223782951702,10063.265135800593,9939.069084662848,10000,10117.708518724721,10000,10311.004516869474,10089.050938341368,10165.471210629921
2021-06-22 13:00:00+00:00,10000.0,10121.223782951702,10131.286540421635,9939.069084662848,10000,10133.735146946663,10000,10395.345757093468,9991.306981009066,10165.471210629921
2021-06-22 14:00:00+00:00,10030.710900473934,10121.223782951702,10155.562216187698,9939.069084662848,10000,10153.861648327013,10000,10552.531871685205,10068.966563547061,10165.471210629921
2021-06-22 15:00:00+00:00,10043.601895734597,10121.223782951702,10193.104614291131,9939.069084662848,10000,10210.10693653489,10000,10552.952162905882,10048.21270959294,10165.471210629921
2021-06-22 16:00:00+00:00,10098.836018957347,10121.223782951702,10233.078366219343,9939.069084662848,10000,10248.43020242805,10000,10573.749573475716,10048.21270959294,10165.471210629921
2021-06-22 17:00:00+00:00,10100.853080568722,10121.223782951702,10208.80269045328,9939.069084662848,10000,10215.829096958214,10000,10535.299931637446,10076.330834304974,10165.471210629921
2021-06-22 18:00:00+00:00,10128.151658767772,10121.223782951702,10251.17954496992,9939.069084662848,10000,10234.801026958494,10000,10527.524544054922,10086.37302170213,10165.471210629921
2021-06-22 19:00:00+00:00,10158.862559241707,10121.223782951702,10209.763814988708,9939.069084662848,10000,10234.801026958494,10000,10582.372548353273,10056.246459510665,10165.471210629921
2021-06-22 20:00:00+00:00,10159.620853080569,10121.223782951702,10209.589065073176,9939.069084662848,10000,10234.801026958494,10000,10585.59478104513,10065.61916774801,10165.471210629921
2021-06-22 21:00:00+00:00,10158.862559241707,10121.223782951702,10217.015936483309,9939.069084662848,10000,10234.801026958494,10000,10586.015072265807,10056.253154302263,10165.471210629921
2021-06-22 22:00:00+00:00,10159.620853080569,10121.223782951702,10215.443187243516,9939.069084662848,10000,10234.801026958494,10000,10580.831480544124,10062.271771948957,10165.471210629921
2021-06-22 23:00:00+00:00,10166.445497630331,10121.223782951702,10219.957560061439,9939.069084662848,10000,10234.801026958494,10000,10589.937790325459,10067.627605227439,10165.471210629921
2021-06-23 08:00:00+00:00,10157.34597156398,10121.223782951702,10219.957560061439,9939.069084662848,10000,10234.801026958494,10000,10619.358175772852,10208.887707947417,10165.471210629921
2021-06-23 09:00:00+00:00,10159.620853080569,10121.223782951702,10219.957560061439,9939.069084662848,10000,10234.801026958494,10000,10605.34846841695,10208.887707947417,10165.471210629921
2021-06-23 10:00:00+00:00,10165.687203791469,10121.223782951702,10219.957560061439,9939.069084662848,10000,10234.801026958494,10000,10605.34846841695,10208.887707947417,10165.471210629921
2021-06-23 11:00:00+00:00,10167.203791469195,10121.223782951702,10222.870058653649,9939.069084662848,10000,10234.801026958494,10000,10619.358175772852,10208.887707947417,10165.471210629921
2021-06-23 12:00:00+00:00,10164.928909952607,10121.223782951702,10222.870058653649,9939.069084662848,10000,10234.801026958494,10000,10647.377590484653,10208.887707947417,10165.471210629921
2021-06-23 13:00:00+00:00,10168.341232227489,10121.223782951702,10222.870058653649,9939.069084662848,10000,10234.801026958494,10000,10660.40661832564,10208.887707947417,10165.471210629921
2021-06-23 14:00:00+00:00,10168.341232227489,10121.223782951702,10222.870058653649,9939.069084662848,10000,10234.801026958494,10000,10660.756861009539,10208.887707947417,10165.471210629921
2021-06-23 15:00:00+00:00,10168.341232227489,10121.223782951702,10222.870058653649,9939.069084662848,10000,10234.801026958494,10000,10705.097584790965,10208.887707947417,10165.471210629921
2021-06-23 16:00:00+00:00,10168.341232227489,10121.223782951702,10222.870058653649,9939.069084662848,10000,10234.801026958494,10000,10690.31734353049,10208.887707947417,10165.471210629921
2021-06-23 17:00:00+00:00,10168.341232227489,10121.223782951702,10222.870058653649,9939.069084662848,10000,10234.801026958494,10000,10698.793216480808,10208.887707947417,10165.471210629921
2021-06-23 18:00:00+00:00,10168.341232227489,10121.223782951702,10222.870058653649,9939.069084662848,10000,10234.801026958494,10000,10696.901905987763,10208.887707947417,10165.471210629921
2021-06-23 19:00:00+00:00,10168.341232227489,10121.223782951702,10222.870058653649,9939.069084662848,10000,10234.801026958494,10000,10679.740014476783,10208.887707947417,10165.471210629921
2021-06-23 20:00:00+00:00,10168.341232227489,10121.223782951702,10222.870058653649,9939.069084662848,10000,10234.801026958494,10000,10679.459820329666,10208.887707947417,10165.471210629921
2021-06-23 21:00:00+00:00,10168.341232227489,10121.223782951702,10222.870058653649,9939.069084662848,10000,10234.801026958494,10000,10665.730307120883,10208.887707947417,10165.471210629921
2021-06-23 22:00:00+00:00,10168.341232227489,10121.223782951702,10222.870058653649,9939.069084662848,10000,10234.801026958494,10000,10665.310015900206,10208.887707947417,10165.471210629921
2021-06-23 23:00:00+00:00,10168.341232227489,10121.223782951702,10222.870058653649,9939.069084662848,10000,10234.801026958494,10000,10667.831763224269,10208.887707947417,10165.471210629921
2021-06-24 08:00:00+00:00,10168.341232227489,10121.223782951702,10222.870058653649,9939.069084662848,10000,10432.39597891184,10000,10769.962529848786,10208.887707947417,10165.471210629921
2021-06-24 09:00:00+00:00,10168.341232227489,10121.223782951702,10222.870058653649,9939.069084662848,10000,10390.715793734182,10000,10752.31029858035,10208.887707947417,10165.471210629921
2021-06-24 10:00:00+00:00,10168.341232227489,10121.223782951702,10222.870058653649,9939.069084662848,10000,10421.435633920679,10000,10744.745056608164,10208.887707947417,10165.471210629921
2021-06-24 11:00:00+00:00,10168.341232227489,10121.223782951702,10222.870058653649,9939.069084662848,10000,10416.650131178058,10000,10769.962529848786,10208.887707947417,10165.471210629921
2021-06-24 12:00:00+00:00,10168.341232227489,10121.223782951702,10222.870058653649,9939.069084662848,10000,10397.816862320004,10000,10766.460103009811,10208.887707947417,10165.471210629921
2021-06-24 13:00:00+00:00,10168.341232227489,10121.223782951702,10222.870058653649,9939.069084662848,10000,10514.75293740177,10000,10822.288786823075,10208.887707947417,10165.471210629921
2021-06-24 14:00:00+00:00,10168.341232227489,10121.223782951702,10222.870058653649,9939.069084662848,10000,10589.854456249663,10000,10789.365974536708,10208.887707947417,10165.471210629921
2021-06-24 15:00:00+00:00,10168.341232227489,10121.223782951702,10222.870058653649,9939.069084662848,10000,10711.807590658369,10000,10820.984483068241,10208.887707947417,10165.471210629921
2021-06-24 16:00:00+00:00,10168.341232227489,10121.223782951702,10222.870058653649,9939.069084662848,10000,10646.89456152057,10000,10789.336554151261,10208.887707947417,10165.471210629921
2021-06-24 17:00:00+00:00,10168.341232227489,10121.223782951702,10222.870058653649,9939.069084662848,10000,10561.911751364447,10000,10738.94223582135,10208.887707947417,10165.471210629921
2021-06-24 18:00:00+00:00,10168.341232227489,10121.223782951702,10222.870058653649,9939.069084662848,10000,10588.542302271848,10000,10780.049519145035,10208.887707947417,10165.471210629921
2021-06-24 19:00:00+00:00,10168.341232227489,10121.223782951702,10222.870058653649,9939.069084662848,10000,10492.75506189134,10000,10762.53738495016,10208.887707947417,10165.471210629921
2021-06-24 20:00:00+00:00,10168.341232227489,10121.223782951702,10222.870058653649,9939.069084662848,10000,10489.513269710855,10000,10762.25719080304,10208.887707947417,10165.471210629921
2021-06-24 21:00:00+00:00,10168.341232227489,10121.223782951702,10222.870058653649,9939.069084662848,10000,10466.357611278821,10000,10771.083306437258,10208.887707947417,10165.471210629921
2021-06-24 22:00:00+00:00,10168.341232227489,10121.223782951702,10222.870058653649,9939.069084662848,10000,10528.106033764243,10000,10767.861073745402,10208.887707947417,10165.471210629921
2021-06-24 23:00:00+00:00,10168.341232227489,10121.223782951702,10222.870058653649,9939.069084662848,10000,10528.106033764243,10000,10760.856220067451,10208.887707947417,10165.471210629921
2021-06-25 08:00:00+00:00,10168.341232227489,10121.223782951702,10222.870058653649,9939.069084662848,10000,10620.728667492373,10000,10818.296020226644,10208.887707947417,10165.471210629921
2021-06-25 09:00:00+00:00,10168.341232227489,10121.223782951702,10222.870058653649,9939.069084662848,10000,10667.03998435644,10000,10831.46514514119,10208.887707947417,10165.471210629921
2021-06-25 10:00:00+00:00,10168.341232227489,10121.223782951702,10222.870058653649,9939.069084662848,10000,10625.822912347421,10000,10802.465050914476,10208.887707947417,10165.471210629921
2021-06-25 11:00:00+00:00,10168.341232227489,10121.223782951702,10222.870058653649,9939.069084662848,10000,10566.69879781763,10000,10783.271751836892,10208.887707947417,10165.471210629921
2021-06-25 12:00:00+00:00,10168.341232227489,10121.223782951702,10222.870058653649,9939.069084662848,10000,10607.761498770435,10000,10813.953010946314,10208.887707947417,10165.471210629921
2021-06-25 13:00:00+00:00,10168.341232227489,10121.223782951702,10222.870058653649,9939.069084662848,10000,10543.765433706545,10000,10646.887250727197,10208.887707947417,10165.471210629921
2021-06-25 14:00:00+00:00,10168.341232227489,10121.223782951702,10222.870058653649,9939.069084662848,10000,10552.65257541276,10000,10677.438219558211,10208.887707947417,10165.471210629921
2021-06-25 15:00:00+00:00,10168.341232227489,10121.223782951702,10222.870058653649,9939.069084662848,10000,10484.65212515069,10000,10705.0989857617,10208.887707947417,10165.471210629921
2021-06-25 16:00:00+00:00,10168.341232227489,10121.223782951702,10222.870058653649,9939.069084662848,10000,10484.65212515069,10000,10660.686812472759,10208.887707947417,10165.471210629921
2021-06-25 17:00:00+00:00,10168.341232227489,10121.223782951702,10222.870058653649,9939.069084662848,10000,10484.65212515069,10000,10642.474192910087,10208.887707947417,10165.471210629921
2021-06-25 18:00:00+00:00,10168.341232227489,10121.223782951702,10222.870058653649,9939.069084662848,10000,10484.65212515069,10000,10679.426197032011,10208.887707947417,10165.471210629921
2021-06-25 19:00:00+00:00,10168.341232227489,10121.223782951702,10222.870058653649,9939.069084662848,10000,10484.65212515069,10000,10665.029821753089,10208.887707947417,10165.471210629921
2021-06-25 20:00:00+00:00,10168.341232227489,10121.223782951702,10222.870058653649,9939.069084662848,10000,10484.65212515069,10000,10652.841376353454,10208.887707947417,10165.471210629921
2021-06-25 21:00:00+00:00,10168.341232227489,10121.223782951702,10222.870058653649,9939.069084662848,10000,10484.65212515069,10000,10661.387297840554,10208.887707947417,10165.471210629921
2021-06-25 22:00:00+00:00,10168.341232227489,10121.223782951702,10222.870058653649,9939.069084662848,10000,10484.65212515069,10000,10654.382444162604,10208.887707947417,10165.471210629921
2021-06-25 23:00:00+00:00,10168.341232227489,10121.223782951702,10222.870058653649,9939.069084662848,10000,10484.65212515069,10000,10665.590210047323,10208.887707947417,10165.471210629921
2021-06-28 08:00:00+00:00,10168.341232227489,10121.223782951702,10222.870058653649,9939.069084662848,10000,10484.65212515069,10000,10748.947968814935,10208.887707947417,10165.471210629921
2021-06-28 09:00:00+00:00,10168.341232227489,10121.223782951702,10222.870058653649,9939.069084662848,10000,10484.65212515069,10000,10747.546998079344,10208.887707947417,10165.471210629921
2021-06-28 10:00:00+00:00,10168.341232227489,10121.223782951702,10222.870058653649,9939.069084662848,10000,10484.65212515069,10000,10732.83680535565,10208.887707947417,10165.471210629921
2021-06-28 11:00:00+00:00,10168.341232227489,10121.223782951702,10222.870058653649,9939.069084662848,10000,10484.65212515069,10000,10774.865927423352,10208.887707947417,10165.471210629921
2021-06-28 12:00:00+00:00,10168.341232227489,10121.223782951702,10222.870058653649,9939.069084662848,10000,10484.65212515069,10000,10814.233205093433,10208.887707947417,10165.471210629921
2021-06-28 13:00:00+00:00,10168.341232227489,10121.223782951702,10222.870058653649,9939.069084662848,10000,10484.65212515069,10000,11097.789681976865,10208.887707947417,10165.471210629921
2021-06-28 14:00:00+00:00,10168.341232227489,10121.223782951702,10222.870058653649,9939.069084662848,10000,10484.65212515069,10000,11127.305333434279,10208.887707947417,10165.471210629921
2021-06-28 15:00:00+00:00,10168.341232227489,10121.223782951702,10222.870058653649,9939.069084662848,10000,10484.65212515069,10000,11194.456662732582,10208.887707947417,10165.471210629921
2021-06-28 16:00:00+00:00,10168.341232227489,10121.223782951702,10222.870058653649,9939.069084662848,10000,10484.65212515069,10000,11204.893894712728,10208.887707947417,10165.471210629921
2021-06-28 17:00:00+00:00,10168.341232227489,10121.223782951702,10222.870058653649,9939.069084662848,10000,10484.65212515069,10000,11195.437342247495,10208.887707947417,10165.471210629921
2021-06-28 18:00:00+00:00,10168.341232227489,10121.223782951702,10222.870058653649,9939.069084662848,10000,10484.65212515069,10000,11241.463433823836,10208.887707947417,10165.471210629921
2021-06-28 19:00:00+00:00,10168.341232227489,10121.223782951702,10222.870058653649,9939.069084662848,10000,10484.65212515069,10000,11199.640254454265,10208.887707947417,10165.471210629921
2021-06-28 20:00:00+00:00,10168.341232227489,10121.223782951702,10222.870058653649,9939.069084662848,10000,10484.65212515069,10000,11219.954330120321,10208.887707947417,10165.471210629921
2021-06-28 21:00:00+00:00,10168.341232227489,10121.223782951702,10222.870058653649,9939.069084662848,10000,10478.253377867868,10000,11221.775592076589,10208.887707947417,10165.471210629921
2021-06-28 22:00:00+00:00,10168.341232227489,10121.223782951702,10222.870058653649,9939.069084662848,10000,10458.90478489363,10000,11186.751323686836,10208.887707947417,10165.471210629921
2021-06-28 23:00:00+00:00,10168.341232227489,10121.223782951702,10222.870058653649,9939.069084662848,10000,10457.381273635816,10000,11184.369673436333,10208.887707947417,10165.471210629921
2021-06-29 08:00:00+00:00,10168.341232227489,10121.223782951702,10222.870058653649,9939.069084662848,10000,10463.475318667071,10000,11207.765884720688,10208.887707947417,10165.471210629921
2021-06-29 09:00:00+00:00,10168.341232227489,10121.223782951702,10222.870058653649,9939.069084662848,10000,10446.716694831119,10000,11207.765884720688,10208.887707947417,10165.471210629921
2021-06-29 10:00:00+00:00,10168.341232227489,10121.223782951702,10222.870058653649,9939.069084662848,10000,10446.564343705337,10000,11207.765884720688,10208.887707947417,10165.471210629921
2021-06-29 11:00:00+00:00,10168.341232227489,10121.223782951702,10222.870058653649,9939.069084662848,10000,10454.029548868624,10000,11207.765884720688,10208.887707947417,10165.471210629921
2021-06-29 12:00:00+00:00,10168.341232227489,10121.223782951702,10222.870058653649,9939.069084662848,10000,10435.595062649076,10000,11207.765884720688,10208.887707947417,10165.471210629921
2021-06-29 13:00:00+00:00,10168.341232227489,10121.223782951702,10222.870058653649,9939.069084662848,10000,10397.507281203723,10000,11207.765884720688,10208.887707947417,10165.471210629921
2021-06-29 14:00:00+00:00,10168.341232227489,10121.223782951702,10222.870058653649,9939.069084662848,10000,10352.258996846645,10000,11207.765884720688,10208.887707947417,10165.471210629921
2021-06-29 15:00:00+00:00,10168.341232227489,10121.223782951702,10222.870058653649,9939.069084662848,10000,10394.445023575516,10000,11207.765884720688,10208.887707947417,10165.471210629921
2021-06-29 16:00:00+00:00,10168.341232227489,10121.223782951702,10222.870058653649,9939.069084662848,10000,10359.824753752948,10000,11207.765884720688,10208.887707947417,10165.471210629921
2021-06-29 17:00:00+00:00,10168.341232227489,10121.223782951702,10222.870058653649,9939.069084662848,10000,10366.886228432917,10000,11207.765884720688,10208.887707947417,10165.471210629921
2021-06-29 18:00:00+00:00,10168.341232227489,10121.223782951702,10222.870058653649,9939.069084662848,10000,10340.94997277989,10000,11207.765884720688,10208.887707947417,10165.471210629921
2021-06-29 19:00:00+00:00,10168.341232227489,10121.223782951702,10222.870058653649,9939.069084662848,10000,10371.455238695102,10000,11207.765884720688,10208.887707947417,10165.471210629921
2021-06-29 20:00:00+00:00,10168.341232227489,10121.223782951702,10222.870058653649,9939.069084662848,10000,10369.0176206826,10000,11207.765884720688,10208.887707947417,10165.471210629921
2021-06-29 21:00:00+00:00,10168.341232227489,10121.223782951702,10222.870058653649,9939.069084662848,10000,10367.494109424786,10000,11207.765884720688,10208.887707947417,10165.471210629921
2021-06-29 22:00:00+00:00,10168.341232227489,10121.223782951702,10222.870058653649,9939.069084662848,10000,10367.494109424786,10000,11207.765884720688,10208.887707947417,10165.471210629921
2021-06-29 23:00:00+00:00,10168.341232227489,10121.223782951702,10222.870058653649,9939.069084662848,10000,10367.494109424786,10000,11207.765884720688,10208.887707947417,10165.471210629921
2021-06-30 08:00:00+00:00,10168.341232227489,10121.223782951702,10222.870058653649,9939.069084662848,10000,10367.494109424786,10000,11207.765884720688,10208.887707947417,10165.471210629921
2021-06-30 09:00:00+00:00,10168.341232227489,10121.223782951702,10222.870058653649,9939.069084662848,10000,10367.494109424786,10000,11207.765884720688,10208.887707947417,10165.471210629921
2021-06-30 10:00:00+00:00,10168.341232227489,10121.223782951702,10222.870058653649,9939.069084662848,10000,10367.494109424786,10000,11207.765884720688,10208.887707947417,10165.471210629921
2021-06-30 11:00:00+00:00,10168.341232227489,10121.223782951702,10222.870058653649,9939.069084662848,10000,10367.494109424786,10000,11207.765884720688,10208.887707947417,10165.471210629921
2021-06-30 12:00:00+00:00,10168.341232227489,10121.223782951702,10222.870058653649,9939.069084662848,10000,10367.494109424786,10000,11207.765884720688,10208.887707947417,10165.471210629921
2021-06-30 13:00:00+00:00,10168.341232227489,10121.223782951702,10222.870058653649,9939.069084662848,10000,10367.494109424786,10000,11207.765884720688,10208.887707947417,10165.471210629921
2021-06-30 14:00:00+00:00,10168.341232227489,10121.223782951702,10222.870058653649,9939.069084662848,10000,10367.494109424786,10000,11207.765884720688,10208.887707947417,10165.471210629921
2021-06-30 15:00:00+00:00,10168.341232227489,10121.223782951702,10222.870058653649,9939.069084662848,10000,10367.494109424786,10000,11207.765884720688,10208.887707947417,10165.471210629921
2021-06-30 16:00:00+00:00,10168.341232227489,10121.223782951702,10222.870058653649,9939.069084662848,10000,10367.494109424786,10000,11207.765884720688,10208.887707947417,10165.471210629921
2021-06-30 17:00:00+00:00,10168.341232227489,10121.223782951702,10222.870058653649,9939.069084662848,10000,10367.494109424786,10000,11207.765884720688,10208.887707947417,10165.471210629921
2021-06-30 18:00:00+00:00,10168.341232227489,10121.223782951702,10222.870058653649,9939.069084662848,10000,10367.494109424786,10000,11207.765884720688,10208.887707947417,10165.471210629921
2021-06-30 19:00:00+00:00,10168.341232227489,10121.223782951702,10222.870058653649,9939.069084662848,10000,10367.494109424786,10000,11207.765884720688,10208.887707947417,10165.471210629921
2021-06-30 20:00:00+00:00,10168.341232227489,10121.223782951702,10222.870058653649,9939.069084662848,10000,10367.494109424786,10000,11207.765884720688,10208.887707947417,10165.471210629921
2021-06-30 21:00:00+00:00,10168.341232227489,10121.223782951702,10222.870058653649,9939.069084662848,10000,10367.494109424786,10000,11207.765884720688,10208.887707947417,10165.471210629921
2021-06-30 22:00:00+00:00,10168.341232227489,10121.223782951702,10222.870058653649,9939.069084662848,10000,10367.494109424786,10000,11207.765884720688,10208.887707947417,10165.471210629921
2021-06-30 23:00:00+00:00,10168.341232227489,10121.223782951702,10222.870058653649,9939.069084662848,10000,10367.494109424786,10000,11207.765884720688,10208.887707947417,10165.471210629921
