timestamp,IMB_AAPL,IMB_MSFT,IMB_AMZN,IMB_FB,IMB_GOOGL,IMB_TSLA,IMB_BRK.B,IMB_NVDA,IMB_JPM,IMB_JNJ
2021-06-04 20:00:00+00:00,10000.0,10000.0,10000.0,10000.0,10000.0,10000.0,10000.0,10000.0,10000.0,10000.0
2021-06-04 21:00:00+00:00,10000.0,10000.0,10000.0,10000.0,10000.0,10000.0,10000.0,10000.0,10000.0,10000.0
2021-06-04 22:00:00+00:00,10000.0,10000.0,10000.0,10000.0,10000.0,10000.0,10000.0,10000.0,10000.0,10000.0
2021-06-04 23:00:00+00:00,10004.763795156809,10000.0,10003.026492731737,10000.0,10000.0,10000.0,10000.0,10000.0,9987.388144856166,10000.0
2021-06-07 08:00:00+00:00,9953.156014291384,9964.9248674718,10003.026492731737,10000.0,10000.0,10000.0,10000.0,10000.0,9987.388144856166,10000.0
2021-06-07 09:00:00+00:00,9940.452560539896,9947.785882259159,9968.705441134716,10000.0,10000.0,10000.0,10000.0,9977.555396711936,9987.388144856166,10031.330963427126
2021-06-07 10:00:00+00:00,9952.362048431916,9947.785882259159,9968.705441134716,10000.0,10000.0,10000.0,10000.0,10006.004288777698,9987.388144856166,10031.330963427126
2021-06-07 11:00:00+00:00,10015.87931718936,9975.686555861135,10009.266683931195,10057.60438890582,9999.999999999998,10000.0,10000.0,10059.328091493924,10029.427662002283,10019.883111405676
2021-06-07 12:00:00+00:00,10031.75863437872,9971.30216429511,10006.146588331467,10050.28954587016,10006.273525721455,10000.0,10000.0,10082.916368834882,10038.436129962165,10007.83274085678
2021-06-07 13:00:00+00:00,9942.834458118301,10048.626888277733,9987.964543233604,10063.395306309052,9993.475533249686,10000.0,10000.0,10075.11651179414,9964.566692691129,9986.142073868772
2021-06-07 14:00:00+00:00,9932.512901945214,10082.107696600104,9998.252746464152,10135.629381286193,9986.072772898367,9932.555255423611,10000.0,9992.423159399572,9924.328869136989,9988.55214797855
2021-06-07 15:00:00+00:00,9924.97022628027,10060.157838096378,9963.994096779124,10213.044803413592,9996.17314930991,9989.77116354926,10000.0,9925.661186561829,9942.946369587413,9953.606073386756
2021-06-07 16:00:00+00:00,9951.171099642714,10055.801347203955,9958.931741668564,10244.437671441632,10030.489335006272,10013.081222499703,10000.0,9988.062902072908,9953.756531139272,9942.766765078026
2021-06-07 17:00:00+00:00,9926.16117506947,10055.801347203955,9915.289404467354,10238.341968911916,9963.23713927227,10013.71149958378,10000.0,9968.406004288778,9949.25229715933,9951.798517804422
2021-06-07 18:00:00+00:00,9941.310043668122,10072.936346606084,9961.903632727308,10276.744894849131,10034.96445002091,10229.346108761021,10000.0,10031.665475339529,9942.345805056755,9948.183406639755
2021-06-07 19:00:00+00:00,9996.03017070266,10118.378572282676,9978.065727933905,10258.762572386466,10051.066499372646,10280.311910707916,10000.0,10072.623302358828,9948.351450363343,9931.915406398746
2021-06-07 20:00:00+00:00,10003.969829297339,10143.887759575911,9987.426014733092,10271.258762572386,10047.260560434965,10255.168781747449,10000.0,10064.47462473195,9934.538466158188,9931.915406398746
2021-06-07 21:00:00+00:00,9999.20603414053,10142.69201642154,9981.965847433565,10268.210911307528,10047.260560434965,10227.137590676657,9991.715567828789,10057.040743388134,9948.952014894001,9941.555702837863
2021-06-07 22:00:00+00:00,9993.648273124256,10149.467894296306,10018.626970730384,10272.173117951843,10058.427436219154,10201.8245757097,9981.014842940973,10037.169406719086,9945.348627710047,9931.915406398746
2021-06-07 23:00:00+00:00,10000.793965859466,10159.831001634184,10006.146588331467,10286.193233770191,10058.427436219154,10193.160389378727,9992.40593717639,10042.88777698356,9945.348627710047,9950.593480749532
2021-06-08 08:00:00+00:00,10027.78880508138,10135.916138546774,10012.168372838943,10286.193233770191,10058.427436219154,10456.483699437678,9992.40593717639,10059.328091493924,9945.348627710047,9950.593480749532
2021-06-08 09:00:00+00:00,10034.140531957124,10133.92323328949,10021.747066330112,10271.258762572386,10058.427436219154,10590.693644564497,9992.40593717639,10069.76411722659,9945.348627710047,9971.681629210098
2021-06-08 10:00:00+00:00,10042.874156411273,10131.930328032206,9998.970368452088,10278.878390734531,10058.427436219154,10558.415303331465,9975.837072833967,10007.147962830593,9912.918143054472,9971.681629210098
2021-06-08 11:00:00+00:00,10069.868995633187,10181.752959464307,10040.374037060496,10289.545870161535,10058.427436219154,10588.145354467153,9975.837072833967,9949.964260185847,9909.314755870519,9934.927999035968
2021-06-08 12:00:00+00:00,10077.808654227867,10182.948702618678,10043.587735528217,10278.573605608046,10058.427436219154,10604.28452508367,10006.21332412841,9989.992852037169,9890.697255420095,9941.555702837863
2021-06-08 13:00:00+00:00,10085.351329892814,10156.243772171072,10082.969582187998,10208.930204206034,10029.190485118886,10442.697450011043,9866.931308249916,9926.090064331665,9824.034592516968,9902.391998553954
2021-06-08 14:00:00+00:00,10094.084954346963,10131.531746980749,10160.24811000209,10202.682109113075,10019.819667458543,10247.863683468395,9967.207455988955,9956.325947105075,9892.498949012072,9805.386515635357
2021-06-08 15:00:00+00:00,10052.40174672489,10082.904858703017,10132.541661076497,10167.93660469369,10020.111204007977,10209.800723714388,9986.882982395582,9919.228020014296,9933.085099993996,9788.817256130626
2021-06-08 16:00:00+00:00,10069.472012703452,10096.655904978279,10179.26509268244,10192.01462968607,10036.499722893954,10224.589300579313,9968.933379357957,9964.974982130092,9927.932256320943,9794.54118214135
2021-06-08 17:00:00+00:00,10060.119094878919,10074.933237673882,10174.350942112866,10154.373666565072,10011.864884466875,10208.70495897253,9977.39040386607,9950.25017869907,9929.73394991292,9836.71747906248
2021-06-08 18:00:00+00:00,10105.994442238982,10100.841006018574,10216.5970365332,10180.737580006095,10019.111650124207,10258.165570901927,9997.583707283397,9987.848463187991,9918.329229475708,9851.479182984876
2021-06-08 19:00:00+00:00,10062.723302897974,10065.765873490374,10184.42885089999,10169.765315452605,9987.000981608098,10252.620491650103,9980.669658267174,9982.701929949964,9909.314755870519,9844.550219919262
2021-06-08 20:00:00+00:00,10056.37157602223,10065.36729243892,10184.335248032,10168.241389820176,9989.04173745413,10221.361466456008,9982.740766309977,9967.119370979271,9909.314755870519,9836.114960535037
2021-06-08 21:00:00+00:00,10056.37157602223,10064.968711387462,10196.160410354974,10167.631819567205,9989.04173745413,10210.148990027692,9982.395581636176,9971.69406719085,9909.314755870519,9844.550219919262
2021-06-08 22:00:00+00:00,10061.929337038506,10068.157359799116,10224.553280312508,10178.299298994209,9989.041320973345,10215.245570222382,9982.395581636176,9978.55611150822,9909.314755870519,9844.550219919262
2021-06-08 23:00:00+00:00,10054.783644303294,10067.360197696204,10196.472419914946,10175.251447729352,9995.538837698634,10217.793860319727,9976.872626855367,9983.559685489636,9903.30911056393,9839.730071699705
2021-06-09 08:00:00+00:00,10080.98451766574,10095.26087129818,10196.472419914946,10179.823224626638,9995.538837698634,10263.66308207193,9976.872626855367,9935.52537526805,9903.30911056393,9839.730071699705
2021-06-09 09:00:00+00:00,10080.19055180627,10084.100601857388,10196.472419914946,10195.062480950928,9995.538837698634,10244.126191325622,9976.872626855367,9949.964260185847,9879.286529337578,9839.730071699705
2021-06-09 10:00:00+00:00,10091.306073838823,10097.253776555464,10196.472419914946,10203.291679366046,9995.538837698634,10252.620491650103,9982.395581636176,9971.408148677627,9908.113626809201,9839.730071699705
2021-06-09 11:00:00+00:00,10090.512107979355,10095.26087129818,10218.313089113051,10198.415117342274,10045.516531887128,10269.439206292578,9975.837072833967,10042.88777698356,9861.269593417812,9851.780442248599
2021-06-09 12:00:00+00:00,10096.069868995632,10102.435330224402,10215.505003073295,10210.30173727522,10033.022108340005,10263.66308207193,9975.837072833967,10035.739814152967,9830.040237823556,9845.152738446706
2021-06-09 13:00:00+00:00,10075.426756649464,10153.453704810874,10258.499920437562,10205.120390124961,10017.51861112195,10252.282418497189,9928.8919571971,9904.649035025017,9761.27559906312,9955.41362896909
2021-06-09 14:00:00+00:00,10099.245732433505,10119.972896488502,10253.148956484027,10151.478207863456,10009.19940744349,10289.655641064845,9964.273386261651,9902.553252323087,9836.646447660802,9980.116888594323
2021-06-09 15:00:00+00:00,10079.396585946803,10132.129618557936,10251.885317766137,10146.601645839683,10006.742170812555,10183.816659021797,9966.517086641354,9963.759828448892,9830.640802354214,9946.37585105742
2021-06-09 16:00:00+00:00,10095.180627233027,10168.201203714776,10270.668293276507,10151.782992989942,10022.235256010987,10261.955727706709,9946.151190887125,10007.005003573982,9788.000720677437,9956.612640838704
2021-06-09 17:00:00+00:00,10092.89400555776,10157.439515325443,10267.73540341276,10143.553794574824,10029.419549550585,10202.928834751883,9960.476354849845,10017.338098641887,9776.28971232959,9964.45140688076
2021-06-09 18:00:00+00:00,10096.069868995632,10127.944517517639,10263.850884391097,10096.159707406277,10023.942827229095,10191.80130132681,9958.232654470143,9930.950679056468,9784.997898024143,9968.669036572874
2021-06-09 19:00:00+00:00,10096.069868995632,10108.812627047711,10237.501677051385,10067.357512953367,10028.190931235116,10172.434296586991,9961.339316534346,9926.090064331665,9785.598462554803,9981.924444176657
2021-06-09 20:00:00+00:00,10080.98451766574,10098.449519709835,10230.793471511966,10064.309661688509,10028.607412020021,10165.978628340385,9961.684501208147,9910.650464617584,9783.196204432166,9980.116888594323
2021-06-09 21:00:00+00:00,10079.396585946803,10107.61688389334,10237.501677051385,10064.919231941481,10028.607412020021,10150.688887756316,9961.339316534346,9921.229449606863,9774.187736472284,9980.116888594323
2021-06-09 22:00:00+00:00,10087.336244541484,10106.42114073897,10233.445552771736,10071.624504724168,10028.607412020021,10154.766151912068,9961.339316534346,9926.090064331665,9781.995075370849,9980.116888594323
2021-06-09 23:00:00+00:00,10081.778483525208,10106.42114073897,10237.033662711425,10072.538860103627,10024.692492641921,10159.183188080799,9961.339316534346,9916.654753395282,9780.793946309532,9980.116888594323
2021-06-10 08:00:00+00:00,10043.668122270741,10106.42114073897,10202.712611114404,10045.717768972874,10024.692492641921,10097.514567725057,9961.339316534346,9895.639742673338,9780.793946309532,10001.807555582334
2021-06-10 09:00:00+00:00,10049.225883287017,10115.21698159253,10202.712611114404,10047.241694605302,10024.692492641921,10110.935562237739,9961.339316534346,9885.632594710507,9819.230076271697,10001.807555582334
2021-06-10 10:00:00+00:00,10047.637951568082,10107.220762634748,10195.442788367036,10036.5742151783,10024.692492641921,10166.488286359852,9961.339316534346,9865.90421729807,9813.224430965109,10001.807555582334
2021-06-10 11:00:00+00:00,10061.929337038506,10113.217926853084,10217.595467125113,10041.145992075586,10005.992505399729,10208.280243956306,9971.00448740076,9921.372408863474,9825.235721578283,10001.801530397059
2021-06-10 12:00:00+00:00,10104.009527590313,10155.198076381432,10224.553280312508,10073.148430356598,10003.868453396717,10258.566501877242,9984.81187435278,9928.949249463902,9902.107981502613,10025.908296680123
2021-06-10 13:00:00+00:00,10156.411274315204,10229.962723636681,10364.957582300322,10095.092959463578,10109.946109311792,10335.696447683604,9973.593372454265,9951.393852751966,9799.411446759954,10091.884075435319
2021-06-10 14:00:00+00:00,10042.080190551806,10203.575201076006,10379.060414411097,10044.513867723253,10058.01095543425,10342.150417070146,9919.917155678288,9875.268048606147,9722.545192480931,10036.753630174127
2021-06-10 15:00:00+00:00,10050.813815005955,10266.345519894583,10380.30845265099,10078.177384943614,10098.867720433343,10326.35101846661,9922.678633068692,9938.490350250178,9714.73184793706,10073.615713683195
2021-06-10 16:00:00+00:00,10050.813815005955,10292.333231507371,10378.857608197115,10103.017372752209,10101.316210967794,10412.143451743881,9934.932688988609,9964.117226590422,9702.119992793227,10071.097186238476
2021-06-10 17:00:00+00:00,10032.036522429535,10274.741549800254,10396.373824893995,10161.840902163975,10119.608463521568,10450.894449824169,9919.565067311012,9979.556826304504,9699.117170139933,10080.737482677592
2021-06-10 18:00:00+00:00,10030.964668519253,10268.744385581917,10410.919710579932,10140.20115818348,10127.979727298141,10402.631534240525,9886.434242319643,9997.095067905646,9695.513782955979,10056.034223052358
2021-06-10 19:00:00+00:00,10012.703453751488,10284.73682349748,10451.259426588831,10133.495885400793,10141.931833592429,10365.085027946248,9834.311356575769,9961.401000714795,9633.055071767461,10065.07200096403
2021-06-10 20:00:00+00:00,10024.612941643509,10297.530773829929,10457.624421612278,10138.372447424565,10157.383270712371,10363.046395868372,9837.763203313774,9964.260185847033,9621.043781154285,10080.134964150147
2021-06-10 21:00:00+00:00,10025.406907502977,10327.912407760017,10464.332627151696,10147.820786345625,10157.966343811237,10413.16276778282,9838.108387987573,9975.696926375982,9629.45168458351,10062.059408326806
2021-06-10 22:00:00+00:00,10025.406907502977,10323.118674494826,10455.471867658025,10145.382505333739,10157.966343811237,10409.765047653025,9841.215050051778,9967.83416726233,9633.055071767461,10083.750075314816
2021-06-10 23:00:00+00:00,10026.20881302104,10335.113002931497,10464.800329482096,10143.249009448338,10157.966343811237,10329.069194570444,9831.895063859165,9964.260185847033,9633.055071767461,10080.134964150147
2021-06-11 08:00:00+00:00,10048.43191742755,10295.931530038371,10464.800329482096,10143.249009448338,10157.966343811237,10380.034996517337,9841.215050051778,10002.001429592567,9631.853942706144,10080.134964150147
2021-06-11 09:00:00+00:00,10041.286224692338,10291.533609611593,10464.800329482096,10137.153306918623,10157.966343811237,10385.981006744476,9841.215050051778,10002.001429592567,9631.853942706144,10089.172742061817
2021-06-11 10:00:00+00:00,10057.959507741167,10312.323778901822,10467.920737091385,10141.725083815909,10157.966343811237,10391.417358952143,9841.215050051778,10016.440314510364,9631.853942706144,10089.172742061817
2021-06-11 11:00:00+00:00,10051.60778086542,10320.719808807491,10465.299856787611,10164.583968302346,10182.955190905484,10431.00079846423,9851.570590265792,10005.575411007863,9657.077652993816,10071.69970476592
2021-06-11 12:00:00+00:00,10047.630011909487,10303.128127100374,10455.440354692468,10156.35476988723,10172.376578968919,10414.012197815267,9856.7483603728,10001.429592566119,9660.080475647108,10074.1097788757
2021-06-11 13:00:00+00:00,10075.688765383087,10303.927748996153,10461.852151149911,10104.541298384638,10119.69175967855,10273.34658444184,9902.657921988264,10130.23588277341,9611.434748663743,9990.962222088328
2021-06-11 14:00:00+00:00,10060.277888050812,10313.92302269338,10435.596546678189,10050.746723559889,10088.913829674137,10266.041486162785,9890.058681394547,10123.945675482488,9588.01273196805,9951.4972585407
2021-06-11 15:00:00+00:00,10089.718142119887,10292.333231507371,10440.21428816579,10048.46388296251,10113.902676768383,10287.95678099995,9909.216430790473,10155.315225160828,9605.429103357155,9906.163764535759
2021-06-11 16:00:00+00:00,10088.28106391425,10272.142778638976,10424.98822163911,10042.669917708015,10105.781301462752,10373.480794386967,9897.480151881258,10226.986418870621,9592.81724821332,9909.459540880882
2021-06-11 17:00:00+00:00,10109.948392219134,10280.738714018587,10425.300231199084,10061.261810423652,10076.107045538334,10381.988685591969,9904.880911287539,10236.639027877056,9602.426280703861,9927.697776706635
2021-06-11 18:00:00+00:00,10113.140134974195,10298.93011214754,10428.482728710807,10082.444376714417,10106.197782247657,10333.131168985612,9897.307559544357,10201.152251608291,9602.426280703861,9918.057480267518
2021-06-11 19:00:00+00:00,10111.321953156013,10310.724535110267,10442.429556041598,10096.31209996952,10121.690867446088,10361.177649796986,9900.586813945461,10190.850607576842,9627.649990991533,9939.145628728083
2021-06-11 20:00:00+00:00,10102.421595871376,10301.133070470409,10436.719781094092,10096.31209996952,10118.067484617424,10363.216281874862,9900.586813945461,10185.989992852037,9636.658458951415,9941.555702837863
2021-06-11 21:00:00+00:00,10104.009527590313,10303.128127100374,10436.719781094092,10092.04510819872,10122.69042132986,10346.059494079473,9900.586813945461,10189.27805575411,9625.848297399556,9939.145628728083
2021-06-11 22:00:00+00:00,10104.009527590313,10303.128127100374,10433.599685494364,10096.31209996952,10122.69042132986,10352.173691453036,9900.586813945461,10192.99499642602,9629.45168458351,9935.530517563415
2021-06-11 23:00:00+00:00,10115.125049622866,10301.129072360929,10435.9394451846,10100.579091740321,10121.982403995522,10371.540696192855,9900.586813945461,10192.99499642602,9627.049426460875,9935.530517563415
2021-06-14 08:00:00+00:00,10131.004366812225,10335.113002931497,10435.9394451846,10100.579091740321,10121.982403995522,10430.830912457743,9900.586813945461,10281.629735525376,9627.049426460875,9935.530517563415
2021-06-14 09:00:00+00:00,10134.974196109566,10339.111112410388,10477.281023890571,10100.579091740321,10121.982403995522,10424.035472198157,9900.586813945461,10264.760543245175,9627.049426460875,9935.530517563415
2021-06-14 10:00:00+00:00,10157.99920603414,10351.105440847057,10477.281023890571,10100.579091740321,10121.982403995522,10446.2905390483,9900.586813945461,10270.335954253038,9627.049426460875,9935.530517563415
2021-06-14 11:00:00+00:00,10148.558951965064,10341.110167149833,10458.560450292198,10120.390124961901,10141.307112415072,10442.553046905527,9900.931998619262,10235.882773409578,9609.032490541109,9929.505332288969
2021-06-14 12:00:00+00:00,10135.768161969034,10328.316216817382,10452.32025909274,10126.482779640353,10124.773241735164,10422.506498139748,9900.931998619262,10221.586847748391,9609.032490541109,9929.505332288969
2021-06-14 13:00:00+00:00,10251.68717745137,10304.727370891931,10530.322649085969,10156.35476988723,10107.842881348028,10576.253334012878,9812.564722126337,10175.125089349536,9577.202570416192,9906.609628246068
2021-06-14 14:00:00+00:00,10288.2096069869,10301.928694256709,10504.95627186017,10202.072538860104,10098.826072354854,10502.183035183394,9827.407663099759,10202.28734810579,9582.007086661462,9890.642887268783
2021-06-14 15:00:00+00:00,10280.262008733622,10312.123873427878,10508.825190403835,10217.921365437365,10098.826072354854,10493.398229787814,9772.178115291683,10211.69406719085,9469.701519428263,9900.58444297162
2021-06-14 16:00:00+00:00,10287.018658197696,10312.123873427878,10503.209018324322,10185.614142029868,10098.826072354854,10460.900735606408,9760.787021056265,10268.19156540386,9473.905471142874,9893.004759896367
2021-06-14 17:00:00+00:00,10315.13298928146,10330.914987978662,10504.83146803618,10243.980493751904,10098.826072354854,10551.300477379678,9737.832240248534,10292.634739099356,9458.188697375534,9909.935530517563
2021-06-14 18:00:00+00:00,10327.510917030566,10330.499184592856,10482.943997404082,10222.200548613228,10098.826072354854,10467.332619812107,9723.4967207456,10282.05861329521,9424.058615098193,9918.659998794963
2021-06-14 19:00:00+00:00,10360.460500198491,10390.286913740183,10561.336399347276,10265.77263029564,10098.826072354854,10493.688734858912,9787.366240938904,10302.930664760544,9464.296438652334,9963.246369825873
2021-06-14 20:00:00+00:00,10351.726875744342,10389.087480896518,10557.997897055566,10267.601341054557,10098.78483447827,10481.966600411124,9787.366240938904,10300.071479628306,9463.095309591015,9963.848888353317
2021-06-14 21:00:00+00:00,10343.787217149662,10387.088426157072,10557.997897055566,10261.505638524839,10083.073203499851,10481.287056385167,9787.366240938904,10302.358827734095,9481.112245510782,9968.669036572874
2021-06-14 22:00:00+00:00,10343.787217149662,10380.291640042959,10550.603270484207,10256.32429137458,10083.073203499851,10464.97799976216,9787.366240938904,10291.350964974981,9476.90829379617,9971.675604024824
2021-06-14 23:00:00+00:00,10343.787217149662,10380.291640042959,10549.729643716282,10262.11520877781,10083.073203499851,10464.97799976216,9787.366240938904,10291.350964974981,9475.707164734851,9945.170814002531
2021-06-15 08:00:00+00:00,10343.787217149662,10395.084645114852,10549.729643716282,10274.306613837245,10083.073203499851,10512.54608157926,9787.366240938904,10287.351550304347,9462.494745060358,9945.170814002531
2021-06-15 09:00:00+00:00,10332.700628492481,10393.085590375407,10545.923127084614,10274.306613837245,10083.073203499851,10486.213750573366,9787.366240938904,10284.209153063131,9462.494745060358,9945.170814002531
2021-06-15 10:00:00+00:00,10334.284426872078,10395.084645114852,10542.803031484886,10264.24870466321,10083.073203499851,10490.460900735607,9773.903563853706,10282.780790680763,9455.28797069245,9945.170814002531
2021-06-15 11:00:00+00:00,10324.781636594495,10400.681998385298,10556.843461683666,10286.427918317586,10083.073203499851,10498.95520106009,9789.092225180595,10255.641905415734,9440.87442195664,9945.170814002531
2021-06-15 12:00:00+00:00,10291.521870622953,10381.091261938735,10541.24298368502,10246.87595245352,10115.651126001036,10467.526289859505,9789.092225180595,10255.641905415734,9444.477809140591,9945.170814002531
2021-06-15 13:00:00+00:00,10307.26482651615,10367.897500658397,10564.862107374971,10307.82992989942,10061.629507676285,10387.508281942817,9762.33946943437,10250.64263707744,9308.7502252117,9945.170814002531
2021-06-15 14:00:00+00:00,10264.993247764698,10351.905062742837,10529.0315535268,10247.790307832978,10040.109109402274,10317.51694612915,9765.273642645245,10223.932260527123,9282.319380217405,9945.170814002531
2021-06-15 15:00:00+00:00,10289.146173053558,10372.875146959617,10520.525548902819,10245.047241694605,10037.216684738689,10284.898832883136,9760.440886768509,10210.527079568583,9272.115788841511,9961.456574069129
2021-06-15 16:00:00+00:00,10282.810979535167,10341.90978904561,10516.375821755179,10230.874733313014,10037.25792261527,10218.643290352175,9807.73285499087,10237.06319590825,9301.243168578465,9952.408929587686
2021-06-15 17:00:00+00:00,10286.770475484162,10329.51564966105,10554.659394763856,10237.427613532458,10026.618550456657,10264.682398110868,9811.875217170931,10237.787375636111,9312.95417692631,9940.266990693588
2021-06-15 18:00:00+00:00,10272.120340472886,10319.520375963826,10542.553423836907,10280.40231636696,10003.824314174974,10218.899818221973,9828.099469042836,10195.793521594436,9329.769983784758,9927.075525039645
2021-06-15 19:00:00+00:00,10274.100088447383,10335.912624827275,10561.149193611293,10263.029564157268,10017.340028225306,10179.569508859557,9806.006870749177,10163.36969551464,9326.767161131465,9922.250114649542
2021-06-15 20:00:00+00:00,10277.267685206578,10335.912624827275,10549.043222684342,10263.63913441024,10014.164711728356,10176.171788729764,9801.864508569117,10162.798350561692,9338.177887213982,9921.64693835078
2021-06-15 21:00:00+00:00,10270.932491688187,10332.11442082233,10552.163318284072,10256.019506248094,10014.164711728356,10167.167830385812,9801.519311720778,10161.369988179322,9327.367725662123,9921.64693835078
2021-06-15 22:00:00+00:00,10267.764894928992,10335.912624827275,10549.043222684342,10265.163060042669,10009.875972563643,10150.519001749826,9809.804036080901,10161.369988179322,9323.163773947512,9921.64693835078
2021-06-15 23:00:00+00:00,10270.932491688187,10340.710356201944,10545.923127084614,10257.543431880524,10009.875972563643,10130.302566977558,9810.494429777576,10144.229639590885,9326.761155486158,9921.64693835078
2021-06-16 08:00:00+00:00,10273.308189257583,10345.108276628724,10545.923127084614,10271.258762572386,10009.875972563643,10148.99002769142,9810.494429777576,10144.229639590885,9326.761155486158,9921.64693835078
2021-06-16 09:00:00+00:00,10263.0134997902,10350.30581895128,10545.923127084614,10271.258762572386,10009.875972563643,10137.947437269593,9810.494429777576,10144.229639590885,9326.761155486158,9921.64693835078
2021-06-16 10:00:00+00:00,10266.972995739196,10350.30581895128,10545.923127084614,10286.498018896677,10009.875972563643,10135.39914717225,9810.494429777576,10142.372768493804,9310.551918803676,9921.64693835078
2021-06-16 11:00:00+00:00,10283.602878724967,10331.114893452606,10545.923127084614,10278.878390734531,10009.875972563643,10151.028659769296,9810.494429777576,10121.375841472967,9278.721998678759,9922.250114649542
2021-06-16 12:00:00+00:00,10288.354273863757,10331.114893452606,10545.923127084614,10274.61139896373,10015.855464668291,10146.44343645414,9810.494429777576,10141.230078587907,9294.937241006548,9922.250114649542
2021-06-16 13:00:00+00:00,10336.660124441474,10397.083699854298,10545.923127084614,10241.999390429746,10018.123547880397,10152.788678796529,9810.494429777576,10233.502288489002,9220.617380337517,9973.520100044387
2021-06-16 14:00:00+00:00,10344.468250452888,10381.491072886625,10545.923127084614,10226.760134105456,10012.597672418173,10149.15991369791,9810.494429777576,10168.940308805883,9241.48699777791,9952.408929587686
2021-06-16 15:00:00+00:00,10304.809939027773,10346.70752042028,10545.923127084614,10199.939042974704,9995.463334697612,10175.351239318417,9810.494429777576,10198.657388171088,9284.727643985347,9941.853344359335
2021-06-16 16:00:00+00:00,10327.949233353687,10352.704684638615,10545.923127084614,10120.542517525144,9962.204987232793,10215.41545622887,9810.494429777576,10168.511800091172,9256.801393309712,9948.488283645727
2021-06-16 17:00:00+00:00,10325.573535784291,10335.75270044812,10545.923127084614,10132.276744894849,10003.257293371946,10247.523911455415,9810.494429777576,10191.508434447327,9266.710708065582,9944.567637703769
2021-06-16 18:00:00+00:00,10229.75373381866,10258.949017358638,10545.923127084614,10070.710149344712,9920.327923561967,10245.655165384029,9810.494429777576,10111.805813511088,9382.619662482733,9931.297759130985
2021-06-16 19:00:00+00:00,10305.776056039327,10295.531719090483,10545.923127084614,10090.825967692776,9960.596710046028,10274.535786487268,9810.494429777576,10172.511214761807,9385.622485136028,9915.61517536315
2021-06-16 20:00:00+00:00,10278.851483586175,10261.947599467805,10545.923127084614,10090.825967692776,9960.802899428945,10235.63189100114,9810.494429777576,10138.516190061404,9371.809500930876,9918.027880558202
2021-06-16 21:00:00+00:00,10282.01908034537,10269.144196529807,10545.923127084614,10065.833587320938,9938.328256690786,10235.63189100114,9810.494429777576,10145.658001973254,9385.02192060537,9918.027880558202
2021-06-16 22:00:00+00:00,10266.972995739196,10244.355917760688,10539.735112927605,10054.861322767447,9938.328256690786,10235.63189100114,9810.494429777576,10135.230956581954,9381.418533421416,9918.027880558202
2021-06-16 23:00:00+00:00,10232.129431388055,10217.368678778177,10523.708156260947,10018.287107589149,9917.709318398896,10235.63189100114,9810.494429777576,10112.805667178747,9397.033211218546,9918.027880558202
2021-06-17 08:00:00+00:00,10212.331951643091,10207.973121502784,10523.708156260947,10014.324900944834,9917.709318398896,10176.171788729764,9810.494429777576,10102.378621787446,9403.639421055794,9918.027880558202
2021-06-17 09:00:00+00:00,10242.424120855438,10211.571420033786,10504.154031524795,10037.793355684242,9917.709318398896,10193.160389378727,9810.494429777576,10112.805667178747,9410.846195423697,9892.091299711397
2021-06-17 10:00:00+00:00,10238.464624906444,10229.163101740904,10504.154031524795,10027.430661383723,9917.709318398896,10193.160389378727,9810.494429777576,10091.094558966724,9428.863131343463,9892.091299711397
2021-06-17 11:00:00+00:00,10244.799818424834,10230.76234553246,10525.843021145116,10027.430661383723,9909.46174308214,10195.708679476073,9810.494429777576,10114.948210752302,9436.069905711369,9904.154825686654
2021-06-17 12:00:00+00:00,10255.094507892216,10235.160265959239,10522.718073995826,10042.12130448034,9909.46174308214,10192.48084535277,9810.494429777576,10120.375987805306,9440.87442195664,9861.932484773251
2021-06-17 13:00:00+00:00,10357.249503376237,10307.326142053209,10594.638268535677,10134.775982932031,10007.682942286918,10365.085027946248,9810.494429777576,10400.620687226277,9303.34514443577,9870.376952955932
2021-06-17 14:00:00+00:00,10412.682446662144,10325.51754018216,10606.256265115464,10186.071319719596,10019.23697054816,10402.714778383706,9810.494429777576,10646.299016993897,9222.26893279683,9885.456360425003
2021-06-17 15:00:00+00:00,10448.175368348917,10415.475003457192,10705.233551556841,10213.349588540079,10048.215238802348,10448.668943139153,9810.494429777576,10688.437135636192,9124.376914299442,9919.234233155727
2021-06-17 16:00:00+00:00,10394.714254045612,10403.880485968411,10717.560075757607,10206.64431575739,10025.958744431317,10446.964986494064,9810.494429777576,10694.863337994473,9108.161671971653,9919.83740945449
2021-06-17 17:00:00+00:00,10430.500178432612,10432.067157794589,10773.394527496308,10262.419993904296,10076.41328643157,10531.66335388954,9810.494429777576,10725.34173450948,9129.181430544711,9936.42475767047
2021-06-17 18:00:00+00:00,10449.901708582678,10439.063849382646,10781.717406537487,10247.790307832978,10052.309747568352,10509.658019468938,9789.03650155439,10686.650254295846,9100.35433307309,9957.837516276551
2021-06-17 19:00:00+00:00,10435.647523166303,10431.467441372755,10797.094621717657,10253.581225236208,10035.897072688007,10475.17116015154,9803.10727415976,10660.296968341123,9115.36844633956,9965.67880816047
2021-06-17 20:00:00+00:00,10445.150313443886,10435.065739903755,10798.084703982779,10265.163060042669,10062.041886442123,10464.976300902095,9807.32850594137,10698.434243950398,9098.552639481113,9965.67880816047
2021-06-17 21:00:00+00:00,10441.982716684692,10431.067630424865,10798.084703982779,10263.63913441024,10040.886855754645,10447.989399113196,9803.459043474893,10698.434243950398,9104.558284787701,9953.615282185212
2021-06-17 22:00:00+00:00,10453.86120453167,10449.059123079873,10804.241778069003,10264.858274916183,10040.886855754645,10459.371761548002,9810.84619909271,10707.7185994358,9109.96336556363,9953.615282185212
2021-06-17 23:00:00+00:00,10456.236902101065,10441.862526017869,10810.429792226014,10263.63913441024,10040.886855754645,10475.00127414505,9809.087352517041,10790.992126327967,9101.555462134407,9965.67880816047
2021-06-18 08:00:00+00:00,10439.607019115296,10430.268008529087,10810.429792226014,10271.258762572386,10040.886855754645,10504.731325280738,9809.087352517041,10784.13598689259,9101.555462134407,9965.67880816047
2021-06-18 09:00:00+00:00,10449.109809392878,10435.065739903755,10791.89668982577,10271.258762572386,10040.886855754645,10498.95520106009,9809.087352517041,10807.703966201692,9095.549816827817,9965.67880816047
2021-06-18 10:00:00+00:00,10448.31791020308,10435.065739903755,10791.89668982577,10277.354465102102,10040.886855754645,10476.870020216436,9814.363892244053,10771.28072545126,9075.731187316078,9965.67880816047
2021-06-18 11:00:00+00:00,10417.433841800936,10412.67632682197,10782.614668590253,10244.74245656812,10040.886855754645,10464.97799976216,9761.598494973925,10769.85236306889,9045.702960783137,9934.313640624798
2021-06-18 12:00:00+00:00,10384.96597501919,10387.088426157072,10745.486583648193,10222.493142334653,10000.185071566455,10429.811596418804,9764.412649494998,10759.139645201118,9053.5102996817,9842.027666914077
2021-06-18 13:00:00+00:00,10392.093067727377,10401.881431228967,10807.088264581229,10163.060042669917,9970.576276179301,10474.66150213207,9666.976066895975,10960.253068638796,8936.70049846856,9861.32930847449
2021-06-18 14:00:00+00:00,10392.093067727377,10415.87481440508,10827.384951016222,10151.133800670526,9948.74082052819,10469.904693950359,9590.638607818704,10978.678943371367,8891.958440934479,9800.408502299437
2021-06-18 15:00:00+00:00,10388.9133559343,10394.285023219074,10811.172353924856,10116.580310880829,9932.26628883297,10500.485873978561,9631.443848374272,10908.546350397008,8933.397393549938,9829.360964640056
2021-06-18 16:00:00+00:00,10409.581482589307,10429.468386633309,10808.171167058706,10131.971959768363,9972.638170008491,10642.644785349032,9628.981463168333,10942.2342771852,8894.060416791785,9817.900614963562
2021-06-18 17:00:00+00:00,10406.799234770364,10421.06835861816,10798.76538554005,10129.533678756477,9968.514382350113,10581.349914207567,9652.72589193989,10886.406733470272,8876.698096210439,9813.075204573457
2021-06-18 18:00:00+00:00,10398.253759326468,10407.078973551523,10771.971593640905,10092.349893325205,9954.699693694545,10502.522807196372,9622.297846180783,10713.146376488807,8869.136988769444,9823.93237795119
2021-06-18 19:00:00+00:00,10365.860445434484,10365.898445918952,10786.853458287806,10043.88905821396,9899.6471284552,10589.334556512582,9634.609772210479,10636.300480317308,8881.148279382618,9766.630629568715
2021-06-18 20:00:00+00:00,10353.936526210442,10355.103550325948,10774.044268982794,10054.861322767447,9913.585530740518,10566.909603655948,9639.886311937493,10639.157205082047,8877.544892198666,9773.86874515387
2021-06-18 21:00:00+00:00,10350.74886513788,10355.903172221726,10771.166842399785,10078.634562633342,9905.461669053515,10566.909603655948,9623.001384811052,10661.439658247016,8858.326827217585,9773.86874515387
2021-06-18 22:00:00+00:00,10349.961886469093,10353.104495586504,10776.426654433244,10057.909174032306,9906.245188708604,10560.114163396362,9615.965998508367,10637.728842699678,8857.125698156266,9755.773456190984
2021-06-18 23:00:00+00:00,10349.961886469093,10351.10144273758,10773.332647354739,10056.385248399876,9907.399849252952,10549.071572974535,9621.24253823538,10614.160863390574,8857.125698156266,9778.694155543973
2021-06-21 08:00:00+00:00,10409.581482589307,10409.877650186747,10798.084703982779,10083.511124657116,9917.709318398896,10657.798617127908,9627.926155222929,10684.150620126698,8888.355053750525,9778.694155543973
2021-06-21 09:00:00+00:00,10413.556122330656,10433.06668516431,10816.64874645381,10083.511124657116,9917.709318398896,10634.864006251806,9639.886311937493,10705.576055862246,8924.388925590054,9778.694155543973
2021-06-21 10:00:00+00:00,10411.171338485847,10424.270844310753,10816.64874645381,10100.579091740321,9917.709318398896,10634.864006251806,9639.886311937493,10641.442584893839,8924.388925590054,9778.694155543973
2021-06-21 11:00:00+00:00,10382.553932348144,10409.078028290969,10801.178711061284,10088.38768668089,9939.235489975628,10588.145354467153,9658.530085639604,10569.881629537109,8918.383280283466,9808.249794183355
2021-06-21 12:00:00+00:00,10374.604652865448,10389.087480896518,10785.708675668759,10073.45016763182,9923.101170762226,10617.875405602841,9700.03886482544,10526.786508098627,8951.414329469702,9831.170493536345
2021-06-21 13:00:00+00:00,10366.25790940862,10406.679162603636,10734.843508698843,10049.070405364217,9949.091754857918,10460.900735606408,9766.19963761588,10344.057536884431,8972.428082397453,9874.599187047274
2021-06-21 14:00:00+00:00,10434.009618439628,10505.032655784336,10726.569514969506,10119.932947272173,10027.773211001004,10441.353651699712,9802.755504844625,10319.631111783523,9063.7198967029,9883.043655229952
2021-06-21 15:00:00+00:00,10462.046727175097,10514.628118533674,10746.128590116983,10120.612618104236,10046.783872106125,10521.210267910232,9783.759961827378,10327.202860772466,9025.283766740737,9880.02777373614
2021-06-21 16:00:00+00:00,10496.626092924818,10471.848347109548,10720.951107515648,10107.284364523011,10012.762623924507,10576.932878038837,9748.58303031396,10331.2022754431,9003.363161371688,9876.08300074223
2021-06-21 17:00:00+00:00,10512.52465189021,10503.037599154371,10711.452505784637,10092.04510819872,10026.680407271533,10671.912746547066,9753.507800725836,10433.473022020786,9033.0911056393,9872.789658150985
2021-06-21 18:00:00+00:00,10492.253989209337,10483.442864598328,10709.93644231617,10120.085339835416,10048.928241688482,10672.918471705487,9744.361798532349,10445.938340531728,8986.84763677857,9878.21824483985
2021-06-21 19:00:00+00:00,10516.896755605692,10498.551720319054,10686.576688873456,10127.400182871073,10046.577682723206,10547.032940896659,9747.527722368557,10529.887482830753,9032.490541108642,9882.44047893119
2021-06-21 20:00:00+00:00,10514.511971760885,10500.234924409668,10686.576688873456,10128.924108503505,10046.577682723206,10532.42274433855,9747.527722368557,10523.459852110087,9038.49618641523,9882.44047893119
2021-06-21 21:00:00+00:00,10518.48661150223,10501.034546305445,10686.700449156597,10126.181042365131,10046.577682723206,10541.4267026825,9762.302033604192,10504.89114113928,9046.904089844453,9882.44047893119
2021-06-21 22:00:00+00:00,10517.691683553961,10505.032655784336,10689.7944562351,10126.181042365131,10046.701396352959,10541.4267026825,9761.598494973925,10484.179886594915,9045.702960783135,9882.44047893119
2021-06-21 23:00:00+00:00,10528.820674829734,10515.027929481563,10689.763516164316,10133.191100274307,10046.577682723206,10554.168153169225,9760.543187028523,10517.746402580608,9051.108041559066,9882.44047893119
2021-06-22 08:00:00+00:00,10465.226438968175,10487.04116312933,10689.763516164316,10103.62694300518,10046.577682723206,10476.020590183987,9760.543187028523,10471.753133868297,9051.108041559066,9882.44047893119
2021-06-22 09:00:00+00:00,10478.740214088755,10495.03738208711,10689.763516164316,10112.770496799756,10046.577682723206,10499.125087066579,9726.421563460504,10481.608834306651,9034.292234700619,9882.44047893119
2021-06-22 10:00:00+00:00,10496.228628950685,10500.234924409668,10668.136406685566,10135.629381286193,10046.577682723206,10549.921003006983,9747.175953053422,10545.456632798583,9020.479250495464,9882.44047893119
2021-06-22 11:00:00+00:00,10532.795314571082,10530.220745501345,10714.732153287852,10160.01219140506,10062.041886442123,10591.373188590458,9752.452492780436,10598.448877184506,9033.69167016996,9907.170707180469
2021-06-22 12:00:00+00:00,10507.35762022646,10515.027929481563,10690.413257650802,10129.838463882963,10043.484841979423,10510.507449501385,9765.116188125266,10512.604298004077,9050.507477028405,9907.170707180469
2021-06-22 13:00:00+00:00,10483.112317804238,10558.207511853578,10762.673792969288,10185.004571776897,10023.319520329955,10527.15627813737,9732.75341113292,10598.594570147508,8962.825055552219,9867.964247760881
2021-06-22 14:00:00+00:00,10515.306899709154,10542.542918915286,10788.462341968629,10145.99207558671,9991.731306866779,10548.064148956051,9758.78434045285,10758.853972724644,9032.490541108642,9887.869065620056
2021-06-22 15:00:00+00:00,10528.820674829734,10565.400110806102,10828.344402611267,10206.64431575739,9998.80731410979,10606.493043168035,9744.010029217214,10759.282481439353,9013.873040658218,9880.02777373614
2021-06-22 16:00:00+00:00,10586.723226581687,10577.79824830014,10870.809340363043,10216.089606827187,10041.917390290473,10646.304129928818,9729.939256611848,10780.486521005636,9013.873040658218,9867.361071462119
2021-06-22 17:00:00+00:00,10588.837734924084,10578.198059248029,10845.020791363702,10254.038402925937,10049.67052346699,10612.437354535108,9735.919334969127,10741.285115421493,9039.096750945888,9855.900721785623
2021-06-22 18:00:00+00:00,10617.455141061786,10599.987755907981,10890.03859435595,10295.03200243828,10059.979992612934,10632.145830147972,9738.029950859933,10733.357704199341,9048.10521890577,9859.254382006746
2021-06-22 19:00:00+00:00,10649.649722966702,10615.380477401708,10846.041813699609,10335.568424260895,10089.300122864002,10592.052732616416,9741.19587469614,10789.278091469121,9021.079815026125,9872.789658150985
2021-06-22 20:00:00+00:00,10650.44465091497,10615.380477401708,10845.856173274899,10333.130143249007,10089.300122864002,10596.639654791636,9741.19587469614,10792.563324948573,9029.487718455348,9869.170600358408
2021-06-22 21:00:00+00:00,10649.649722966702,10624.975940151046,10853.745891325085,10356.598597988417,10089.300122864002,10592.222618622905,9741.19587469614,10792.991833663284,9021.085820671431,9891.488123412635
2021-06-22 22:00:00+00:00,10650.44465091497,10627.77461678627,10852.075127502692,10355.684242608959,10089.300122864002,10601.056690960366,9740.492336065872,10787.706892848515,9026.484895802054,9891.488123412635
2021-06-22 23:00:00+00:00,10657.599002449397,10634.971213848272,10856.870838474377,10375.495275830539,10089.300122864002,10601.736234986323,9749.286568944226,10796.99124833392,9031.289412047323,9880.02777373614
2021-06-23 08:00:00+00:00,10648.059867070162,10632.972159108826,10856.870838474377,10355.989027735444,10089.300122864002,10634.864006251806,9749.286568944226,10826.986858363687,9158.008528016335,9880.02777373614
2021-06-23 09:00:00+00:00,10650.44465091497,10630.573293421492,10856.870838474377,10355.989027735444,10089.300122864002,10662.04576729015,9749.286568944226,10812.703234539988,9092.546994174523,9880.02777373614
2021-06-23 10:00:00+00:00,10656.804074501128,10643.36724375394,10856.870838474377,10362.38951539165,10094.496095313558,10655.250327030564,9749.286568944226,10812.703234539988,9093.74812323584,9880.02777373614
2021-06-23 11:00:00+00:00,10658.393930397668,10647.76516418072,10859.96484555288,10338.006705272783,10094.496095313558,10684.980378166252,9744.010029217214,10826.986858363687,9051.708606089724,9886.059536723767
2021-06-23 12:00:00+00:00,10656.009146552859,10645.726128346487,10864.760556524565,10340.140201158183,10095.032187709146,10741.722304333793,9740.492336065872,10855.554106011085,9066.122154825536,9867.964247760881
2021-06-23 13:00:00+00:00,10659.58632232007,10641.588085035835,10873.723895030993,10418.165193538554,10148.270286378805,10995.871770042302,9703.556557976783,10868.837876167123,9026.484895802054,9844.44037210913
2021-06-23 14:00:00+00:00,10632.956236053042,10588.992954841035,10802.632894388182,10388.296251142943,10099.527116256779,11084.042607410429,9708.833097703795,10869.194966762718,9051.108041559066,9822.122849054902
2021-06-23 15:00:00+00:00,10630.571452208233,10608.983502235486,10821.630097850204,10411.459920755868,10102.867384260066,11035.285323547901,9694.832678961453,10914.402636164723,9034.892799231277,9807.646617884591
2021-06-23 16:00:00+00:00,10630.173988234097,10592.131470781962,10813.090638313528,10384.029259372142,10079.36179460731,11065.694918709547,9694.058786468158,10899.333413030721,9079.935139030687,9814.305684222934
2021-06-23 17:00:00+00:00,10648.059867070162,10606.18482560026,10855.246484758161,10405.620237732397,10070.289461758879,11101.557854679511,9685.968092220073,10907.975005444057,9106.660260645005,9842.027666914077
2021-06-23 18:00:00+00:00,10646.470011173624,10604.78548728265,10844.09258924015,10418.774763791525,10072.021452575398,11120.736285952127,9670.138473039033,10906.046716227858,9107.561107440994,9812.472028274695
2021-06-23 19:00:00+00:00,10628.186668363423,10605.785014652372,10839.884739613384,10380.676622980796,10072.557544970989,11154.205528090653,9660.64070153041,10888.549277043827,9075.731187316076,9809.45614678088
2021-06-23 20:00:00+00:00,10620.237388880729,10605.984920126317,10842.638405913252,10386.769277659248,10078.90817796489,11246.453629614529,9671.897319614704,10888.263604567353,9082.937961683983,9809.45614678088
2021-06-23 21:00:00+00:00,10626.596812466885,10602.19071423085,10839.389698480822,10393.172813166717,10078.90817796489,11256.646790003908,9649.035831824132,10874.265653220129,9080.535703561347,9819.710143859851
2021-06-23 22:00:00+00:00,10625.006956570347,10608.583691287595,10836.91449281802,10393.172813166717,10078.90817796489,11247.472945653466,9669.08316509363,10873.837144505418,9080.535703561347,9817.297438664798
2021-06-23 23:00:00+00:00,10624.212028622078,10611.182462448873,10839.853799542598,10389.210606522402,10072.351355588067,11263.442230263494,9669.08316509363,10876.408196793685,9085.940784337276,9817.297438664798
2021-06-24 08:00:00+00:00,10668.72799372517,10651.763273659612,10839.853799542598,10432.794879609875,10072.351355588067,11480.89631857024,9708.833097703795,10980.535814468449,9085.940784337276,9817.297438664798
2021-06-24 09:00:00+00:00,10670.317849621708,10666.556278731507,10890.873976267147,10437.671441633647,10072.351355588067,11435.027096818036,9708.833097703795,10962.538448450588,9142.393850219205,9817.297438664798
2021-06-24 10:00:00+00:00,10679.856985000943,10666.956089679396,10890.873976267147,10449.253276440108,10072.351355588067,11468.834412109476,9708.833097703795,10954.825291585792,9155.606269893698,9831.773669835107
2021-06-24 11:00:00+00:00,10687.011336535368,10659.359681669503,10874.78513945892,10443.157573910392,10072.351355588067,11463.567945908297,9701.797711401112,10980.535814468449,9134.58651132064,9831.773669835107
2021-06-24 12:00:00+00:00,10703.704823449028,10656.16119408639,10873.887877406154,10439.500152392562,10123.939939194377,11442.841853116559,9695.114094413562,10976.964908512524,9127.980301483394,9831.773669835107
2021-06-24 13:00:00+00:00,10675.087417311326,10667.355900627284,10873.300016061237,10454.129838463883,10111.156197453403,11571.530503032465,9658.530085639604,11033.885149449963,9087.141913398595,9892.69447601016
2021-06-24 14:00:00+00:00,10657.99646642353,10668.63129755105,10787.607158412131,10482.77964035355,10111.527338342657,11654.180045189678,9661.696009475814,11000.31863346427,9126.779172422077,9848.391176866025
2021-06-24 15:00:00+00:00,10651.637042837376,10681.02143882613,10815.473023763978,10480.950929594635,10112.64076101042,11788.389990316498,9665.213702627154,11032.555344071976,9124.9774788301,9819.716175622836
2021-06-24 16:00:00+00:00,10607.415201075142,10651.963179133556,10730.016548255668,10467.128924108501,10104.393185693665,11716.952924587604,9687.023400165475,11000.28863785424,9161.611915200288,9834.789551328922
2021-06-24 17:00:00+00:00,10627.391740415154,10651.763273659612,10669.961870861884,10459.76836330387,10101.795199468886,11623.428979154987,9707.95367441596,10948.909014598015,9181.430544712028,9837.805432822735
2021-06-24 18:00:00+00:00,10609.505861579091,10653.362517451167,10660.32403881234,10455.958549222798,10111.135578515114,11652.736014134516,9706.018943182722,10990.820023621513,9177.827157528076,9835.627966384201
2021-06-24 19:00:00+00:00,10604.33882991534,10660.55911451317,10671.47793433035,10459.615970740628,10103.279763025903,11547.321747107691,9690.892862631952,10972.965493841888,9158.609092546994,9854.091192889335
2021-06-24 20:00:00+00:00,10605.133757863608,10674.952308637176,10663.495396067809,10460.530326120084,10119.548517716968,11543.754140971409,9695.81763304383,10972.679821365415,9200.64860969311,9854.091192889335
2021-06-24 21:00:00+00:00,10604.33882991534,10682.148905699178,10671.230413764071,10463.273392258458,10103.279763025903,11518.271239997963,9694.762325098427,10981.678504374346,9203.651432346405,9854.091192889335
2021-06-24 22:00:00+00:00,10601.95404607053,10682.148905699178,10665.351800314911,10469.369094788173,10103.279763025903,11586.225642593821,9720.441485103223,10978.393270894894,9206.05369046904,9849.868958797995
2021-06-24 23:00:00+00:00,10599.569262225723,10682.148905699178,10664.91863932392,10462.359036879,10111.527338342657,11586.225642593821,9720.089715788088,10971.251458983044,9212.659900306287,9849.868958797995
2021-06-25 08:00:00+00:00,10597.979406329183,10682.148905699178,10705.264491627626,10485.522706491922,10111.527338342657,11688.157246487608,9720.089715788088,11029.81431666021,9242.688126839228,9849.868958797995
2021-06-25 09:00:00+00:00,10620.237388880729,10676.954862619656,10715.165314278842,10480.036574215179,10111.527338342657,11739.123048434501,9720.089715788088,11043.240923054485,9263.707885412286,9849.868958797995
2021-06-25 10:00:00+00:00,10608.313469656685,10680.151196822437,10715.165314278842,10480.036574215179,10111.527338342657,11693.763484701767,9720.089715788088,11013.67382173943,9248.693772145816,9849.868958797995
2021-06-25 11:00:00+00:00,10598.774334277454,10661.772275156438,10686.700449156597,10469.369094788173,10123.486322551955,11628.697144216232,9709.536636334062,10994.105257100962,9201.056993573959,9839.614961719026
2021-06-25 12:00:00+00:00,10617.85260503592,10663.769984033175,10714.546512863142,10473.94087168546,10107.403550684281,11673.886821942477,9709.536636334062,11025.386393274863,9221.06780373551,9839.614961719026
2021-06-25 13:00:00+00:00,10592.017446717162,10619.221076081896,10547.423720517689,10381.60621761658,10076.990616703742,11603.45887909213,9709.536636334062,10855.054179177256,9237.883610593957,9887.265889321292
2021-06-25 14:00:00+00:00,10611.493181449765,10617.023596317484,10524.760118667638,10371.228284059736,10037.216684738689,11613.23921648574,9709.536636334062,10886.202477649595,9221.66836826617,9882.434447168203
2021-06-25 15:00:00+00:00,10602.351510044666,10621.218784958633,10538.806910804053,10387.077110637001,10040.763142124893,11538.40443062705,9709.536636334062,10914.404064527105,9262.50675635097,9875.202363346036
2021-06-25 16:00:00+00:00,10603.591597643966,10593.051089796614,10524.883878950779,10394.39195367266,10050.412805245496,11500.60309532304,9706.741016643915,10869.123548643598,9258.903369167016,9885.456360425003
2021-06-25 17:00:00+00:00,10580.149172449497,10600.242841752874,10523.677216190163,10403.230722340748,10066.37186348342,11414.13111801981,9709.012457642159,10850.55483767279,9262.50675635097,9887.869065620056
2021-06-25 18:00:00+00:00,10572.541711984559,10620.619472295613,10544.12860297908,10414.81255714721,10092.145536348284,11463.265548816746,9701.041447000634,10888.229323870177,9251.696594799112,9881.234126333664
2021-06-25 19:00:00+00:00,10581.285919415524,10588.656130267787,10534.722821460426,10404.449862846692,10104.02204480441,11409.54419584459,9727.009259397468,10873.551472028945,9249.894901207135,9904.758001985418
2021-06-25 20:00:00+00:00,10575.721423777635,10591.85246447057,10520.242868333022,10406.278573605607,10103.197287272735,11411.752713928954,9728.05761678127,10861.124719302326,9260.705062758992,9904.758001985418
2021-06-25 21:00:00+00:00,10574.926495829366,10597.44604932544,10518.077063378068,10408.412069491009,10104.145758434162,11399.35103545521,9718.9718527883,10869.837729834782,9260.104498228335,9904.758001985418
2021-06-25 22:00:00+00:00,10574.131567881099,10588.256588492439,10519.62406691732,10404.145077720206,10104.145758434162,11391.026621137218,9732.251046316487,10862.695917922934,9260.104498228335,9915.61517536315
2021-06-25 23:00:00+00:00,10570.951856088019,10588.656130267787,10522.718073995826,10396.830234684547,10104.145758434162,11365.37383415728,9732.251046316487,10874.122816981891,9266.110143534921,9915.61517536315
2021-06-28 08:00:00+00:00,10587.645343001679,10623.416264723048,10522.718073995826,10414.507772020725,10104.145758434162,11376.24653857262,9732.251046316487,10959.110378732901,9248.693772145816,9915.61517536315
2021-06-28 09:00:00+00:00,10584.4656312086,10634.603434432787,10522.718073995826,10414.507772020725,10104.145758434162,11386.439698961998,9758.459980911595,10957.68201635053,9248.693772145816,9915.61517536315
2021-06-28 10:00:00+00:00,10578.106207622444,10627.811224251873,10522.718073995826,10436.75708625419,10139.115477777206,11375.90676655964,9719.670757710835,10942.684211335647,9230.676836226052,9915.61517536315
2021-06-28 11:00:00+00:00,10586.055487105139,10644.591978816483,10559.846158937888,10449.86284669308,10123.898701317792,11387.459015000935,9743.433525077065,10985.535082806744,9228.274578103417,9907.170707180469
2021-06-28 12:00:00+00:00,10581.285919415524,10651.384188997394,10565.105970971345,10454.129838463883,10136.270064292927,11448.617977337208,9737.492833235508,11025.672065751336,9227.674013572758,9907.170707180469
2021-06-28 13:00:00+00:00,10731.37626532829,10697.73103493774,10627.00158257684,10476.683937823833,10047.579763124191,11650.722864957615,9690.316750964317,11314.772611943,9197.243408804276,9936.72634581985
2021-06-28 14:00:00+00:00,10718.808454466149,10689.740199430786,10625.90321006397,10440.682718683329,10052.990172531983,11689.653942204783,9664.806721291745,11344.86535061477,9211.45877124497,9915.61517536315
2021-06-28 15:00:00+00:00,10722.38563023336,10719.70583258187,10600.934572940436,10435.080768058519,10029.0515851751,11685.698995973704,9658.516576988919,11413.329616326522,9205.453125938382,9911.392941271808
2021-06-28 16:00:00+00:00,10729.04712643986,10708.718433759805,10591.405031138638,10454.434623590369,10035.237266662667,11687.052987445424,9643.140668693122,11423.970916075177,9222.26893279683,9884.250007827479
2021-06-28 17:00:00+00:00,10716.821134595475,10699.66082171267,10584.644625672105,10486.796708320633,10055.711872386513,11617.229838778181,9648.033003150875,11414.329469994182,9247.492643084499,9892.091299711397
2021-06-28 18:00:00+00:00,10739.333494090468,10718.10766548048,10622.004761145055,10663.822005486132,10103.279763025903,11693.763484701767,9646.984645767072,11461.25545934218,9233.679658879346,9863.74201366954
2021-06-28 19:00:00+00:00,10711.654102931723,10736.48658714648,10654.894056389563,10839.96952148735,10109.671633896389,11696.141888792621,9666.903436059354,11418.61455714129,9268.512401657557,9895.710357503975
2021-06-28 20:00:00+00:00,10700.525111655952,10736.48658714648,10655.420037592909,10859.189271563548,10106.248890139934,11691.385080610911,9679.833177126273,11439.325811685654,9268.512401657557,9893.297652308924
2021-06-28 21:00:00+00:00,10709.269319086916,10737.285670697174,10652.326030514403,10880.82901554404,10106.248890139934,11684.249868338346,9679.833177126273,11441.182682782735,9259.493414565448,9893.297652308924
2021-06-28 22:00:00+00:00,10703.704823449028,10730.093918740915,10652.66637129304,10871.990246875952,10095.032187709146,11662.67434551416,9669.34960328823,11405.473623223488,9259.493414565448,9895.107181205212
2021-06-28 23:00:00+00:00,10703.704823449028,10725.698959212088,10649.572364214535,10856.75099055166,10095.032187709146,11660.975485449264,9676.338652513592,11403.04540717346,9271.518730688258,9893.900828607686
2021-06-29 08:00:00+00:00,10674.292489363057,10731.692085842305,10649.572364214535,10862.54190795489,10095.032187709146,11667.77092570885,9676.338652513592,11426.899058959036,9313.607337118103,9893.900828607686
2021-06-29 09:00:00+00:00,10674.292489363057,10744.077880878089,10649.572364214535,10879.000304785126,10095.032187709146,11649.08346499499,9676.338652513592,11456.894668988803,9293.765565515461,9893.900828607686
2021-06-29 10:00:00+00:00,10674.292489363057,10744.876964428784,10649.572364214535,10876.257238646755,10095.032187709146,11648.9135789885,9676.338652513592,11455.466306606433,9283.544046811072,9893.900828607686
2021-06-29 11:00:00+00:00,10674.292489363057,10731.692085842305,10653.03765214246,10859.69216702225,10095.032187709146,11657.237993306491,9666.204531136818,11352.6242150758,9289.556704872479,9905.36117828418
2021-06-29 12:00:00+00:00,10674.292489363057,10732.491169393,10651.459708532424,10831.149039926851,10103.279763025903,11636.681786521245,9666.204531136818,11351.481525169907,9313.607337118103,9906.567530881706
2021-06-29 13:00:00+00:00,10674.292489363057,10762.456802544088,10666.852393747986,10740.323072234074,10082.660824734014,11594.210284898834,9666.204531136818,11312.987158965037,9347.278222261977,9896.011945653356
2021-06-29 14:00:00+00:00,10674.292489363057,10778.038931782652,10616.698539005418,10682.413898201767,10056.103632214059,11543.754140971409,9666.204531136818,11354.765330286975,9332.246577108463,9898.72623899779
2021-06-29 15:00:00+00:00,10674.292489363057,10781.235265985433,10630.863212811522,10679.670832063393,10056.103632214059,11590.795576168392,9666.204531136818,11353.07414922625,9334.050374526883,9874.599187047274
2021-06-29 16:00:00+00:00,10674.292489363057,10781.235265985433,10681.883080135363,10701.295336787565,10056.103632214059,11552.190680053684,9666.204531136818,11357.05213846115,9281.740249392651,9879.448724489326
2021-06-29 17:00:00+00:00,10674.292489363057,10781.235265985433,10670.085631145024,10738.646754038402,10056.103632214059,11560.06489645448,9666.204531136818,11348.624800405167,9275.126325525103,9864.345189968304
2021-06-29 18:00:00+00:00,10674.292489363057,10781.235265985433,10660.169338458416,10713.806766229807,10056.103632214059,11531.143502709683,9666.204531136818,11362.908424228865,9253.937718516709,9877.615068541087
2021-06-29 19:00:00+00:00,10674.292489363057,10781.235265985433,10672.715537161754,10723.867723255104,10056.103632214059,11565.159777789104,9666.204531136818,11446.467623597504,9267.911135851415,9896.313533802737
2021-06-29 20:00:00+00:00,10674.292489363057,10781.235265985433,10668.569567676555,10728.436452301126,10056.103632214059,11562.44160168527,9666.204531136818,11432.469672250278,9267.911135851415,9893.900828607686
2021-06-29 21:00:00+00:00,10674.292489363057,10781.235265985433,10668.569567676555,10729.960377933556,10056.103632214059,11560.742741620374,9666.204531136818,11443.039553879815,9267.911135851415,9893.900828607686
2021-06-29 22:00:00+00:00,10674.292489363057,10781.235265985433,10668.569567676555,10729.960377933556,10056.103632214059,11562.779674838184,9666.204531136818,11441.181254420353,9267.911135851415,9893.900828607686
2021-06-29 23:00:00+00:00,10674.292489363057,10781.235265985433,10668.569567676555,10729.960377933556,10056.103632214059,11552.418327302381,9666.204531136818,11448.324494694583,9267.911135851415,9893.900828607686
2021-06-30 08:00:00+00:00,10674.292489363057,10781.235265985433,10668.569567676555,10729.960377933556,10056.103632214059,11504.68035947879,9666.204531136818,11417.329030997158,9267.911135851415,9913.202470168097
2021-06-30 09:00:00+00:00,10674.292489363057,10781.235265985433,10668.569567676555,10729.960377933556,10056.103632214059,11484.294038700033,9666.204531136818,11377.90622924375,9267.911135851415,9913.202470168097
2021-06-30 10:00:00+00:00,10674.292489363057,10781.235265985433,10668.569567676555,10729.960377933556,10056.103632214059,11501.282639348998,9666.204531136818,11397.903302596927,9267.911135851415,9913.202470168097
2021-06-30 11:00:00+00:00,10674.292489363057,10781.235265985433,10668.569567676555,10729.960377933556,10056.103632214059,11534.410410614479,9666.204531136818,11412.615435135338,9267.911135851415,9873.99601074851
2021-06-30 12:00:00+00:00,10674.292489363057,10781.235265985433,10668.569567676555,10729.960377933556,10056.103632214059,11538.65756077672,9666.204531136818,11400.61719112343,9267.911135851415,9873.99601074851
2021-06-30 13:00:00+00:00,10674.292489363057,10781.235265985433,10668.569567676555,10729.960377933556,10056.103632214059,11628.697144216232,9666.204531136818,11419.900083285424,9267.911135851415,9873.99601074851
2021-06-30 14:00:00+00:00,10674.292489363057,10781.235265985433,10668.569567676555,10729.960377933556,10056.103632214059,11715.50889353244,9666.204531136818,11417.614703473631,9267.911135851415,9873.99601074851
2021-06-30 15:00:00+00:00,10674.292489363057,10781.235265985433,10668.569567676555,10729.960377933556,10056.103632214059,11709.562883305303,9666.204531136818,11381.1914627232,9267.911135851415,9873.99601074851
2021-06-30 16:00:00+00:00,10674.292489363057,10781.235265985433,10668.569567676555,10729.960377933556,10056.103632214059,11626.675500739004,9666.204531136818,11387.33342096739,9267.911135851415,9873.99601074851
2021-06-30 17:00:00+00:00,10674.292489363057,10781.235265985433,10668.569567676555,10729.960377933556,10056.103632214059,11622.241475969626,9666.204531136818,11418.257466545698,9267.911135851415,9873.99601074851
2021-06-30 18:00:00+00:00,10674.292489363057,10781.235265985433,10668.569567676555,10729.960377933556,10056.103632214059,11623.617552622192,9666.204531136818,11448.03882221811,9267.911135851415,9873.99601074851
2021-06-30 19:00:00+00:00,10674.292489363057,10781.235265985433,10668.569567676555,10729.960377933556,10056.103632214059,11550.719467237484,9666.204531136818,11428.327421341406,9267.911135851415,9873.99601074851
2021-06-30 20:00:00+00:00,10674.292489363057,10781.235265985433,10668.569567676555,10729.960377933556,10056.103632214059,11539.167218796189,9666.204531136818,11428.327421341406,9267.911135851415,9873.99601074851
2021-06-30 21:00:00+00:00,10674.292489363057,10781.235265985433,10668.569567676555,10729.960377933556,10056.103632214059,11560.742741620374,9666.204531136818,11426.042041529614,9267.911135851415,9873.99601074851
2021-06-30 22:00:00+00:00,10674.292489363057,10781.235265985433,10668.569567676555,10729.960377933556,10056.103632214059,11570.596129996773,9666.204531136818,11426.899058959036,9267.911135851415,9873.99601074851
2021-06-30 23:00:00+00:00,10674.292489363057,10781.235265985433,10668.569567676555,10729.960377933556,10056.103632214059,11542.055280906512,9666.204531136818,11426.899058959036,9267.911135851415,9873.99601074851
