timestamp,XGB_AAPL,XGB_MSFT,XGB_AMZN,XGB_FB,XGB_GOOGL,XGB_TSLA,XGB_BRK.B,XGB_NVDA,XGB_JPM,XGB_JNJ
2021-06-04 20:00:00+00:00,10000.0,10000.0,10000.0,10000.0,10000.0,10000.0,10000.0,10000.0,10000.0,10000.0
2021-06-04 21:00:00+00:00,10000.0,10000.0,10002.1840532909,10000.0,9999.958228905596,10000.0,10000.0,10000.0,10000.0,10000.0
2021-06-04 22:00:00+00:00,10000.0,10001.197031362222,9999.937598477403,10000.0,9993.7343358396,10000.0,10000.0,10000.0,10000.0,10000.0
2021-06-04 23:00:00+00:00,10000.0,10010.773282259996,10002.964072323364,10000.0,9993.7343358396,10013.351134846462,10000.0,10000.0,9987.388144856166,10000.0
2021-06-07 08:00:00+00:00,10000.0,9975.660362301493,10002.964072323364,10000.0,9993.7343358396,9866.3217623498,10000.0,10000.0,9987.388144856166,10000.0
2021-06-07 09:00:00+00:00,10000.0,9958.502912776315,9968.643234894931,9986.930488435002,9993.7343358396,9863.150867823764,10000.0,10000.0,9987.388144856166,10000.0
2021-06-07 10:00:00+00:00,10000.0,9958.502912776315,9968.643234894931,9972.341266222913,9958.228905597327,9908.210947930575,10000.0,10000.0,9987.388144856166,10000.0
2021-06-07 11:00:00+00:00,10000.0,9986.433644561488,10009.20422458308,10029.78632868302,9987.468671679198,9957.610146862482,10000.0,10000.0,10029.427662002283,10000.0
2021-06-07 12:00:00+00:00,10015.854141894568,9982.044529566674,10006.084148453221,10022.491717576973,9993.7343358396,9943.257676902536,10000.0,10023.449157962055,10038.436129962165,10000.0
2021-06-07 13:00:00+00:00,9927.070947284978,10059.45255765701,9987.90221681409,10035.561229141973,9980.952380952382,9823.598130841121,10000.0,10015.695303062603,9964.566692691129,10000.0
2021-06-07 14:00:00+00:00,9916.765755053506,10092.969435799218,9998.190355844681,10107.59551381417,9973.558897243109,9757.343124165553,10000.0,9933.489661053081,9924.328869136989,10000.0
2021-06-07 15:00:00+00:00,9909.235037653585,10070.99593009337,9963.931919938845,10184.796814686484,9983.646616541355,9813.549732977304,10000.0,9867.121438215021,9942.946369587413,10000.0
2021-06-07 16:00:00+00:00,9935.394371779626,10066.63474583034,9958.869596418152,10216.102854016595,10017.919799498748,9836.44859813084,10000.0,9929.155119732823,9953.756531139272,10000.0
2021-06-07 17:00:00+00:00,9910.424098295678,10066.63474583034,9915.227531551769,10210.024011428226,9950.751879699248,9837.067757009345,10000.0,9909.614154764442,9949.25229715933,10000.0
2021-06-07 18:00:00+00:00,9925.548949663098,10083.788205250978,9961.841468931842,10248.320719734964,10022.389306599835,10048.898531375167,10000.0,9972.50053293541,9942.345805056755,10000.0
2021-06-07 19:00:00+00:00,9980.182322631787,10129.279387119943,9978.003463284504,10230.388134099267,10038.471177944863,10098.9652870494,10000.0,10013.21679812407,9948.351450363343,10000.0
2021-06-07 20:00:00+00:00,9988.109393579072,10154.816056180673,9987.363691674076,10242.849761405429,10034.67000835422,10074.265687583444,10000.0,10005.116179918994,9934.538466158188,10000.0
2021-06-07 21:00:00+00:00,9983.3531510107,10153.61902481845,9981.903558446826,10239.810340111242,10034.67000835422,10046.728971962617,10000.0,9997.726142258225,9948.952014894001,10000.0
2021-06-07 22:00:00+00:00,9977.8042013476,10160.402202537705,10018.564452972652,10243.761587793684,10034.67000835422,10021.86248331108,10000.0,9977.972003126555,9945.348627710047,10000.0
2021-06-07 23:00:00+00:00,9984.938565200157,10170.776474343627,10006.084148453221,10257.74292574694,10034.67000835422,10013.351134846462,10011.412761542455,9983.656647480993,9945.348627710047,10000.0
2021-06-08 08:00:00+00:00,10011.890606420926,10146.835847099195,10012.105895383846,10257.74292574694,10034.67000835422,10272.029372496661,10011.412761542455,10000.0,9945.348627710047,10000.0
2021-06-08 09:00:00+00:00,10018.232263178754,10144.840794828824,10021.68452910251,10242.849761405429,10034.67000835422,10403.871829105474,10011.412761542455,10010.37447594685,9945.348627710047,10000.0
2021-06-08 10:00:00+00:00,10026.952041220768,10142.845742558455,9998.90797335455,10250.448314640893,10034.67000835422,10372.162883845127,9994.812381117068,9948.127620265757,9912.918143054472,10000.0
2021-06-08 11:00:00+00:00,10053.904082441537,10192.722049317692,10040.311383597758,10261.086289170544,10034.67000835422,10401.368491321762,9994.812381117068,9891.281176721383,9909.314755870519,10000.0
2021-06-08 12:00:00+00:00,10061.831153388823,10193.919080679914,10043.525062011513,10250.144372511475,10034.670008354222,10417.222963951936,10025.24641189694,9931.073687202444,9890.697255420095,10006.67111407605
2021-06-08 13:00:00+00:00,10069.361870788744,10167.185380256962,10082.906662922574,10180.693595939334,10005.50211325313,10258.486315086782,9885.699463946052,9867.547786541605,9824.034592516968,9967.250894535751
2021-06-08 14:00:00+00:00,10078.081648830756,10142.446732104381,10160.184708506886,10174.462782286253,9996.153428925856,10067.089452603472,9986.166349645515,9897.605343565694,9824.034592516968,9869.61004305901
2021-06-08 15:00:00+00:00,10036.46452635751,10093.767456707366,10132.478432473752,10139.813379532538,9996.444276882705,10029.697930574099,10005.879301400659,9860.72621331628,9824.034592516968,9852.932257868884
2021-06-08 16:00:00+00:00,10053.507728894172,10107.533317372916,10179.20157251837,10163.824807756604,10012.794087028402,10044.225634178905,9987.895555939825,9906.20336815178,9824.034592516968,9858.693674570926
2021-06-08 17:00:00+00:00,10044.16963931827,10085.787247625889,10174.287452613842,10126.287954773412,9988.217434674705,10028.621495327101,9996.36866678195,9891.565408939105,9824.034592516968,9901.146218691249
2021-06-08 18:00:00+00:00,10089.972255251683,10111.72292714069,10216.533283412115,10152.578948968116,9995.447083887795,10077.209612817089,10016.600380425387,9928.941945569532,9824.034592516968,9916.004609133362
2021-06-08 19:00:00+00:00,10046.76971858898,10076.610007182187,10184.365298513283,10141.63703230905,9963.41225892634,10071.762349799732,9999.65415874114,9923.825765650538,9824.034592516968,9909.030262599308
2021-06-08 20:00:00+00:00,10040.428061831151,10076.210996728114,10184.271696229387,10140.117321661957,9965.44819462428,10041.05473965287,10001.729206294312,9908.335109784695,9824.034592516968,9900.539753775245
2021-06-08 21:00:00+00:00,10040.428061831151,10075.81198627404,10196.096784761548,10139.50943740312,9965.44819462428,10030.040053404538,10001.38336503545,9912.882825268245,9824.034592516968,9909.030262599308
2021-06-08 22:00:00+00:00,10045.977011494253,10079.004069906632,10224.489477543251,10150.147411932769,9965.447779127198,10035.046728971962,10001.38336503545,9919.70439849357,9824.034592516968,9909.030262599308
2021-06-08 23:00:00+00:00,10038.842647641695,10078.206048998485,10196.408792374534,10147.107990638584,9971.929949091189,10037.550066755675,9995.849904893654,9924.678462303704,9818.080632157868,9904.178543271273
2021-06-09 08:00:00+00:00,10065.001981767735,10106.136780783656,10196.408792374534,10151.667122579862,9971.929949091189,10082.610146862482,9995.849904893654,9876.927449726427,9818.080632157868,9904.178543271273
2021-06-09 09:00:00+00:00,10064.209274673007,10094.964488069587,10196.408792374534,10166.864229050789,9971.929949091189,10063.417890520694,9995.849904893654,9891.281176721383,9794.264790721461,9904.178543271273
2021-06-09 10:00:00+00:00,10075.307173999206,10108.131833054027,10196.408792374534,10175.07066654509,9971.929949091189,10071.762349799732,10001.38336503545,9912.598593050523,9822.843800445147,9904.178543271273
2021-06-09 11:00:00+00:00,10074.514466904478,10106.136780783656,10218.249325283536,10170.207592474395,10021.789598836645,10088.28437917223,9994.812381117068,9983.656647480993,9776.402909644157,9916.307841591364
2021-06-09 12:00:00+00:00,10080.063416567576,10113.318968956986,10215.441256766664,10182.061335521717,10009.324686400281,10082.610146862482,9994.812381117068,9976.550842037946,9745.442315776832,9916.307841591364
2021-06-09 13:00:00+00:00,10059.453032104637,10164.392307078446,10258.435905836102,10176.894319321602,9993.85780755216,10071.430240320427,9947.777969911811,9846.233212534642,9677.269469665123,9916.307841591364
2021-06-09 14:00:00+00:00,10083.234244946492,10130.875428936239,10253.084975273396,10123.400504543935,9985.558253354948,10108.14419225634,9983.226698945187,9844.14979037874,9751.991672171842,9916.307841591364
2021-06-09 15:00:00+00:00,10063.416567578279,10143.045247785492,10251.821344440805,10118.53743047324,9983.106820575797,10004.17222963952,9985.47466712779,9904.995381226463,9746.037711812742,9916.307841591364
2021-06-09 16:00:00+00:00,10079.17558462148,10179.15569387918,10270.604202742546,10123.704446673353,9998.563311996886,10080.932910547395,9965.070032854921,9947.985504156897,9703.764593263122,9916.307841591364
2021-06-09 17:00:00+00:00,10076.892588188664,10168.382411619184,10267.671331180482,10115.498009179053,10005.730636647797,10022.947263017357,9979.422445097702,9958.257656505366,9692.154370562876,9916.307841591364
2021-06-09 18:00:00+00:00,10080.063416567576,10138.855638017716,10263.786836398807,10068.235008054467,10000.266850029857,10012.016021361815,9977.174476915097,9872.379734242877,9700.787613083574,9916.307841591364
2021-06-09 19:00:00+00:00,10080.063416567576,10119.70313622217,10237.43779348216,10039.512476824413,10004.504920258221,9992.990654205607,9980.287048244856,9867.547786541605,9701.383009119483,9916.307841591364
2021-06-09 20:00:00+00:00,10065.001981767735,10109.328864416248,10237.43779348216,10036.473055530227,10004.920417339434,9986.648865153536,9980.632889503719,9852.199246784623,9699.001424975842,9916.307841591364
2021-06-09 21:00:00+00:00,10063.416567578279,10109.328864416248,10237.43779348216,10037.080939789066,10004.920417339434,9971.628838451268,9980.287048244856,9862.715838840333,9690.07048443719,9916.307841591364
2021-06-09 22:00:00+00:00,10071.343638525563,10109.328864416248,10237.43779348216,10043.767666636273,10004.920417339434,9975.634178905208,9980.287048244856,9867.547786541605,9697.810632904022,9916.307841591364
2021-06-09 23:00:00+00:00,10065.794688862465,10109.328864416248,10241.027303204406,10044.679493024529,10001.01474477604,9979.973297730307,9980.287048244856,9858.168123356783,9696.619840832203,9916.307841591364
2021-06-10 08:00:00+00:00,10027.744748315496,10109.328864416248,10206.692862382934,10017.932585635697,10001.01474477604,9919.392523364486,9980.287048244856,9837.277055354225,9696.619840832203,9916.307841591364
2021-06-10 09:00:00+00:00,10033.293697978595,10109.328864416248,10206.692862382934,10019.452296282789,10001.01474477604,9932.576769025367,9980.287048244856,9827.328927733959,9734.72518713045,9916.307841591364
2021-06-10 10:00:00+00:00,10031.70828378914,10109.328864416248,10199.420203554386,10008.81432175314,10001.01474477604,9987.149532710278,9980.287048244856,9807.71690471115,9728.771226771349,9916.307841591364
2021-06-10 11:00:00+00:00,10045.977011494253,10115.327279486113,10221.581524448246,10013.373453694418,9982.358925829614,10028.204272363151,9980.287048244856,9862.857954949195,9740.67914748955,9916.301867911941
2021-06-10 12:00:00+00:00,10087.990487514862,10157.316184975185,10228.542051996597,10045.287377283366,9980.239890715433,10077.60347129506,9980.287048244856,9870.390108718824,9816.889840086045,9940.202559281946
2021-06-10 13:00:00+00:00,10140.309155766943,10232.096426179529,10369.001128084436,10067.171210601504,10086.066997300162,10153.372830440587,9980.287048244856,9892.702337809991,9715.077117945415,10005.614348959913
2021-06-10 14:00:00+00:00,10026.15933412604,10205.703399872114,10383.10946194926,10016.732014224492,10034.25451127301,10159.7129506008,9980.287048244856,9817.025509841542,9715.077117945415,9950.95518224271
2021-06-10 15:00:00+00:00,10034.879112168053,10268.486810936723,10384.35798707004,10050.302422418772,10075.014774939918,10144.192256341788,9983.06533122857,9879.874937824203,9715.077117945415,9987.502152950452
2021-06-10 16:00:00+00:00,10034.879112168053,10294.47994290615,10382.906576617132,10075.073705966386,10077.457482280366,10228.471295060079,9995.393961968799,9905.350671498616,9702.464814565295,9985.005154951787
2021-06-10 17:00:00+00:00,10016.131589377723,10276.884592034537,10400.42962668729,10133.734536944168,10095.706529584284,10266.538718291054,9979.932817164434,9920.699211255598,9699.461885189074,9994.56304202802
2021-06-10 18:00:00+00:00,10015.06143479984,10270.88617696467,10414.981186969992,10112.154645755449,10104.05802091665,10219.127169559413,9946.600367067333,9938.134015490656,9695.85836993761,9970.070956395173
2021-06-10 19:00:00+00:00,9996.829171621084,10286.881950484318,10455.336640186428,10105.467918908242,10104.05802091665,10182.242990654206,9894.160275749737,9902.650465430257,9633.397438912245,9979.031475529142
2021-06-10 20:00:00+00:00,10008.719778042012,10299.678569300033,10461.704118302408,10110.330992978938,10104.05802091665,10182.242990654206,9897.63312947938,9905.492787607476,9621.385721407367,9993.965674085755
2021-06-10 21:00:00+00:00,10009.51248513674,10330.066540043981,10468.414940826606,10119.753198990913,10104.05802091665,10182.242990654206,9897.980414852344,9916.86207631635,9629.793923660782,9976.044635817818
2021-06-10 22:00:00+00:00,10009.51248513674,10325.271806931467,10459.550724600344,10117.321661955564,10104.05802091665,10178.920617543625,9901.105983209023,9909.045690329,9633.397438912245,9997.549881739342
2021-06-10 23:00:00+00:00,10010.313119302416,10337.268637071202,10468.882825615618,10115.194067049635,10104.05802091665,10100.014256167316,9891.729278138988,9905.492787607476,9633.397438912245,9993.965674085755
2021-06-11 08:00:00+00:00,10032.500990883867,10298.078991948069,10468.882825615618,10115.194067049635,10104.05802091665,10149.849852826037,9901.105983209023,9943.011440346763,9632.196267161757,9993.965674085755
2021-06-11 09:00:00+00:00,10025.366627031312,10293.680154230167,10468.882825615618,10109.115224461264,10104.05802091665,10155.664005769555,9901.105983209023,9943.011440346763,9632.196267161757,10002.926193219722
2021-06-11 10:00:00+00:00,10042.01347602061,10314.474659805706,10472.004450548851,10113.674356402542,10104.05802091665,10160.979802746484,9901.105983209023,9943.011440346763,9632.196267161757,10002.926193219722
2021-06-11 11:00:00+00:00,10035.671819262781,10322.872440903519,10469.38254779521,10136.470016108933,10128.914252210418,10199.685449484758,9911.524544397947,9932.226185662308,9657.420873922001,10002.926193219722
2021-06-11 12:00:00+00:00,10031.700356718191,10305.277090031908,10459.519199341043,10128.263578614633,10118.391780962722,10183.073583931851,9916.73382499241,9928.110759532714,9660.42380329822,10002.926193219722
2021-06-11 13:00:00+00:00,10059.714625445897,10306.076878707892,10465.933497149053,10076.593416613478,10065.986559985027,10045.527337153782,9962.922779596647,10055.972792041848,9611.776347403464,10002.926193219722
2021-06-11 14:00:00+00:00,10044.328180737217,10316.07423715767,10439.667649920628,10022.947630771101,10035.371968441537,10038.384234966032,9950.246863483455,10049.728697224531,9588.353498268953,10002.926193219722
2021-06-11 15:00:00+00:00,10044.328180737217,10294.47994290615,10444.287192867518,10020.671104221756,10060.228199735306,10059.813541529284,9969.521201682966,10080.86828190098,9605.770488651026,10002.926193219722
2021-06-11 16:00:00+00:00,10044.328180737217,10274.285278837597,10429.05518639399,10014.89316434151,10052.14992456483,10143.440995095725,9957.713499002186,10152.014065894464,9593.158185270902,10002.926193219722
2021-06-11 17:00:00+00:00,10065.90110826721,10282.883007104405,10429.367317674189,10033.433634236042,10022.63314990348,10151.760217364621,9965.159297398537,10161.595913214127,9602.767559274806,10002.926193219722
2021-06-11 18:00:00+00:00,10069.078945155103,10301.078199483003,10432.551056732178,10054.557612230632,10052.564195086394,10103.986153221016,9957.539856315703,10126.369284657254,9602.767559274806,10002.926193219722
2021-06-11 19:00:00+00:00,10067.268684838367,10312.87508245374,10446.503324956904,10068.386979119176,10067.97505848853,10131.410682062311,9960.839067358862,10116.143160281441,9627.99216603505,10002.926193219722
2021-06-11 20:00:00+00:00,10058.407104859942,10303.281617285335,10440.791322529332,10068.386979119176,10064.370904950933,10133.40410592866,9960.839067358862,10111.318177922605,9637.000954163708,10002.926193219722
2021-06-11 21:00:00+00:00,10059.988118237005,10305.277090031908,10440.791322529332,10064.131789307317,10068.96930774028,10116.627782906779,9960.839067358862,10114.582136577112,9626.190408409318,10002.926193219722
2021-06-11 22:00:00+00:00,10059.988118237005,10305.277090031908,10437.670009727379,10068.386979119176,10068.96930774028,10122.60639331927,9960.839067358862,10118.271828969162,9629.793923660782,10002.926193219722
2021-06-11 23:00:00+00:00,10071.055211876428,10303.277618341952,10440.010682197562,10072.642168931035,10068.96930774028,10141.543920049584,9960.839067358862,10118.271828969162,9627.391580159807,10002.926193219722
2021-06-14 08:00:00+00:00,10086.865345647035,10337.268637071202,10440.010682197562,10072.642168931035,10068.96930774028,10199.51933082923,9960.839067358862,10206.25680139498,9627.391580159807,10002.926193219722
2021-06-14 09:00:00+00:00,10090.817879089687,10341.267580451115,10481.368388954706,10072.642168931035,10068.96930774028,10192.874584608066,9960.839067358862,10189.511274384904,9627.391580159807,10002.926193219722
2021-06-14 10:00:00+00:00,10113.742573057065,10353.264410590846,10481.368388954706,10072.642168931035,10068.96930774028,10214.636128482372,9960.839067358862,10195.04581297298,9627.391580159807,10002.926193219722
2021-06-14 11:00:00+00:00,10104.34344853044,10343.267052141067,10481.368388954706,10092.398407343242,10068.96930774028,10210.981518060733,9961.186352731826,10160.845202723589,9609.374003902489,9996.86013731116
2021-06-14 12:00:00+00:00,10091.608385778216,10330.47043332535,10481.368388954706,10098.47421051032,10068.96930774028,10191.379516708304,9961.186352731826,10146.654078138781,9609.374003902489,9996.86013731116
2021-06-14 13:00:00+00:00,10207.022362303645,10306.876667383875,10481.368388954706,10128.263578614633,10068.96930774028,10341.71689996211,9872.281297252994,10100.53292323815,9577.542952514561,9973.80912485862
2021-06-14 14:00:00+00:00,10243.385669976042,10304.077407017936,10481.368388954706,10173.854898027417,10068.96930774028,10269.289166151437,9872.281297252994,10127.496059949288,9582.347639516513,9957.734076700932
2021-06-14 15:00:00+00:00,10235.47269802385,10314.27471263671,10481.368388954706,10189.659888757182,10068.96930774028,10260.699170474029,9872.281297252994,10136.833819926092,9470.038080845903,9967.74306895006
2021-06-14 16:00:00+00:00,10242.199909943245,10314.27471263671,10481.368388954706,10157.442023038813,10068.96930774028,10228.922332857874,9872.281297252994,10192.917144285258,9474.24218197261,9960.111970617087
2021-06-14 17:00:00+00:00,10242.199909943245,10333.069746522293,10481.368388954706,10215.64694082247,10081.148793036755,10317.317391838,9872.281297252994,10217.181129100365,9458.524849617477,9977.157587720149
2021-06-14 18:00:00+00:00,10242.199909943245,10332.653856410783,10481.368388954706,10193.927236254218,10097.303313755885,10235.211585156203,9872.281297252994,10206.682535132524,9424.393554327366,9985.941236675748
2021-06-14 19:00:00+00:00,10242.199909943245,10392.454055713979,10481.368388954706,10237.378803075895,10162.37994284203,10260.983233374984,9872.281297252994,10227.401577026347,9464.632807968708,10030.83005039911
2021-06-14 20:00:00+00:00,10242.199909943245,10391.254372700007,10481.368388954706,10237.378803075895,10162.338445447493,10249.521046143478,9874.370374200991,10224.563352109384,9463.43163621822,10031.436655989966
2021-06-14 21:00:00+00:00,10242.199909943245,10389.254901010052,10481.368388954706,10237.378803075895,10146.527938129071,10248.856571521363,9872.629476744325,10226.833932042953,9481.449212475536,10036.289500716815
2021-06-14 22:00:00+00:00,10242.199909943245,10389.254901010052,10481.368388954706,10237.378803075895,10146.527938129071,10232.90918059057,9871.933117761659,10215.90676611265,9477.24511134883,10039.316462615188
2021-06-14 23:00:00+00:00,10242.199909943245,10389.254901010052,10481.368388954706,10237.378803075895,10146.527938129071,10232.90918059057,9871.933117761659,10215.90676611265,9476.043939598341,10012.631882673422
2021-06-15 08:00:00+00:00,10242.199909943245,10389.254901010052,10481.368388954706,10237.378803075895,10146.527938129071,10279.42240413871,9871.933117761659,10215.90676611265,9462.831050342977,10012.631882673422
2021-06-15 09:00:00+00:00,10242.199909943245,10389.254901010052,10481.368388954706,10237.378803075895,10146.527938129071,10253.674012531705,9871.933117761659,10215.90676611265,9462.831050342977,10012.631882673422
2021-06-15 10:00:00+00:00,10242.199909943245,10389.254901010052,10481.368388954706,10237.378803075895,10146.527938129071,10257.826978919931,9858.354117599676,10215.90676611265,9455.624019840048,10012.631882673422
2021-06-15 11:00:00+00:00,10242.199909943245,10389.254901010052,10481.368388954706,10237.378803075895,10146.527938129071,10266.132911696384,9873.674015218323,10188.944378481572,9441.209958834193,10040.53573985281
2021-06-15 12:00:00+00:00,10242.199909943245,10389.254901010052,10481.368388954706,10237.378803075895,10179.310879812938,10235.400960423507,9873.674015218323,10188.944378481572,9444.813474085659,10048.421612533943
2021-06-15 13:00:00+00:00,10242.199909943245,10389.254901010052,10481.368388954706,10237.378803075895,10124.949292970072,10157.15741248276,9846.690104640025,10183.977622865319,9309.081066280536,10003.836101606006
2021-06-15 14:00:00+00:00,10242.199909943245,10389.254901010052,10481.368388954706,10237.378803075895,10103.293462657233,10088.718187591341,9849.649630316353,10157.440957144205,9282.649281911052,10001.712982038009
2021-06-15 15:00:00+00:00,10242.199909943245,10389.254901010052,10481.368388954706,10237.378803075895,10100.382835404442,10056.82340572976,9844.775117437694,10144.122956727486,9272.445327890657,10018.09133299113
2021-06-15 16:00:00+00:00,10242.199909943245,10389.254901010052,10481.368388954706,10237.378803075895,10100.424332798977,9992.037130073422,9892.4757077503,10170.486495538547,9301.573742839986,10008.992249128285
2021-06-15 17:00:00+00:00,10242.199909943245,10389.254901010052,10481.368388954706,10237.378803075895,10089.71800500855,10037.0552857218,9896.653861646295,10171.205965566387,9313.285167407243,9996.781278584349
2021-06-15 18:00:00+00:00,10242.199909943245,10389.254901010052,10481.368388954706,10237.378803075895,10066.780320178479,9992.28796924327,9913.018297738941,10129.485218389875,9330.101571914072,9983.514814312322
2021-06-15 19:00:00+00:00,10242.199909943245,10389.254901010052,10481.368388954706,10237.378803075895,10080.381091237829,9953.829839301738,9890.734810293636,10097.272260535901,9327.098642537854,9983.514814312322
2021-06-15 20:00:00+00:00,10242.199909943245,10389.254901010052,10481.368388954706,10237.378803075895,10080.381091237829,9950.507466191155,9886.55665639764,10096.704631322616,9338.509774167487,9983.514814312322
2021-06-15 21:00:00+00:00,10242.199909943245,10385.437094977266,10484.468468336237,10229.778670334192,10080.381091237829,9941.703177448117,9886.208476906308,10095.2855582894,9327.699228413097,9983.514814312322
2021-06-15 22:00:00+00:00,10242.199909943245,10389.254901010052,10481.368388954706,10238.898829624237,10080.381091237829,9925.423549206267,9894.564784698297,10095.2855582894,9323.495127286391,9983.514814312322
2021-06-15 23:00:00+00:00,10242.199909943245,10394.07739284094,10478.268309573175,10231.298696882532,10080.381091237829,9905.655429198307,9895.261143680964,10078.256681890825,9327.0926366791,9983.514814312322
2021-06-16 08:00:00+00:00,10242.199909943245,10398.498010352589,10465.867992047053,10244.9789358176,10080.381091237829,9923.928481306504,9895.261143680964,10078.256681890825,9327.0926366791,9983.514814312322
2021-06-16 09:00:00+00:00,10242.199909943245,10403.722376502716,10465.867992047053,10244.9789358176,10080.38109123783,9913.130768697116,9895.261143680964,10078.256681890825,9327.0926366791,9983.514814312322
2021-06-16 10:00:00+00:00,10242.199909943245,10403.722376502716,10484.468468336237,10260.179201301009,10080.38109123783,9910.63898886418,9895.261143680964,10076.411886947646,9310.882823906268,9983.514814312322
2021-06-16 11:00:00+00:00,10242.199909943245,10384.432409179162,10495.00873823344,10252.579068559304,10080.38109123783,9925.921905172854,9854.175963703681,10055.551513359389,9279.05177251834,9984.121751804832
2021-06-16 12:00:00+00:00,10246.932175418344,10384.432409179162,10512.400183563828,10248.32299422395,10086.402700228004,9921.438362660123,9886.208476906308,10075.276628521075,9295.267591149926,9984.121751804832
2021-06-16 13:00:00+00:00,10295.04354108187,10450.741671853877,10558.389861188833,10215.794426089456,10088.686758810481,9927.642894444136,9886.208476906308,10166.948746466744,9220.945089088493,10035.711438668262
2021-06-16 14:00:00+00:00,10302.820230679286,10435.06857340349,10569.906656091218,10200.594160606046,10083.121961536806,9924.094599962033,9893.868425715633,10102.80664536544,9241.815448253217,10014.46862643038
2021-06-16 15:00:00+00:00,10263.321588180444,10400.10550762955,10537.324821791333,10173.841693355247,10065.866937154622,9949.70511308495,9898.220669357293,10132.33045982147,9285.05763127078,10003.847220311438
2021-06-16 16:00:00+00:00,10286.367721044184,10406.133622418161,10536.381157627595,10094.648310186687,10032.374332667903,9988.88087561837,9864.969527935002,10102.380923455474,9257.130388071937,10010.52353272906
2021-06-16 17:00:00+00:00,10284.001588306633,10389.094151282357,10555.739293317623,10106.35251460891,10073.715793010777,10020.277301513364,9821.447091518388,10125.227999290231,9267.040055013464,10006.578439027737
2021-06-16 18:00:00+00:00,10188.567567892102,10311.894094556223,10524.86250267758,10044.94344205594,9990.202305567767,10018.449996302545,9880.028290935148,10046.04372403685,9382.953128935536,9993.225814192498
2021-06-16 19:00:00+00:00,10264.283815493714,10348.665594766744,10586.08907046281,10065.007792494038,10030.754727491238,10046.690167742485,9880.028290935148,10106.354327948475,9385.956058311756,9977.445439387211
2021-06-16 20:00:00+00:00,10237.467644468144,10314.908151950527,10587.546107772127,10065.007792494038,10030.962369180552,10008.64899562633,9880.028290935148,10072.580389757964,9372.142583181147,9979.873189357257
2021-06-16 21:00:00+00:00,10240.622488118212,10322.141889696859,10566.620571946796,10040.079357101247,10008.329425045078,10008.64899562633,9880.028290935148,10079.67575492404,9385.355472436513,9979.873189357257
2021-06-16 22:00:00+00:00,10225.636980780391,10297.225681903938,10560.420413183734,10029.135165953194,10008.329425045078,10008.64899562633,9880.028290935148,10069.316521781573,9381.751957185048,9979.873189357257
2021-06-16 23:00:00+00:00,10190.933700629652,10270.099165355192,10544.362001987407,9992.654528793011,9987.565256113448,10008.64899562633,9880.028290935148,10047.0370751601,9397.36718994139,9979.873189357257
2021-06-17 08:00:00+00:00,10171.215927816733,10260.655118853034,10544.362001987407,9988.702459767326,9987.565256113448,9950.507466191155,9880.028290935148,10036.677842017634,9403.973634569074,9979.873189357257
2021-06-17 09:00:00+00:00,10201.18694249237,10264.2719877262,10524.769500296134,10012.110868611775,9987.565256113448,9967.119331744063,9880.028290935148,10047.0370751601,9411.180665072,9979.873189357257
2021-06-17 10:00:00+00:00,10197.243387929786,10281.95445777279,10524.769500296134,10001.774688083058,9987.565256113448,9967.119331744063,9880.028290935148,10025.467165055237,9429.198241329317,9979.873189357257
2021-06-17 11:00:00+00:00,10203.55307522992,10283.561955049752,10546.501056760664,10001.774688083058,9979.259588540797,9969.611111576998,9880.028290935148,10049.165684709922,9436.405271832244,9979.873189357257
2021-06-17 12:00:00+00:00,10213.80631709264,10287.982572561401,10543.369976585316,10001.774688083058,9979.259588540797,9966.454857121947,9880.028290935148,10054.558162236139,9441.209958834193,9979.873189357257
2021-06-17 13:00:00+00:00,10315.550024807306,10360.520887184344,10615.431321808994,10094.057104275058,10078.172614230263,10135.231411139479,9818.293373453751,10332.980291352864,9303.675793403341,9979.873189357257
2021-06-17 14:00:00+00:00,10370.759788683485,10378.806168709794,10627.072119886641,10145.146349818193,10089.808023932788,10172.026693339169,9782.71731931193,10577.060853065794,9222.596700245413,9995.119879025671
2021-06-17 15:00:00+00:00,10406.109811782486,10469.227890538947,10726.243659301803,10172.31502169051,10118.99040223268,10216.96178965978,9705.984653515843,10618.92492661866,9124.701202580658,10029.272463882919
2021-06-17 16:00:00+00:00,10352.863938078477,10457.57353528097,10738.594375557821,10165.636688939772,10096.5771430045,10215.295619544824,9719.936047296951,10625.309336195092,9108.485383949072,10029.882331469656
2021-06-17 17:00:00+00:00,10388.505784215113,10485.905674787437,10794.53840807692,10221.18827500272,10147.387064380197,10298.115736445396,9727.260529032032,10655.589516577827,9129.505889582608,10046.653690104913
2021-06-17 18:00:00+00:00,10407.829201571774,10492.938475374149,10802.877621613237,10206.617367182931,10123.113750899121,10276.598386994716,9705.984653515843,10617.149666254109,9100.6777675709,10068.30398943406
2021-06-17 19:00:00+00:00,10393.63240514647,10485.302863308576,10818.285016139444,10212.385018194931,10106.585472429544,10242.876299922315,9719.936047296951,10617.149666254109,9115.692414451998,10076.232268061636
2021-06-17 20:00:00+00:00,10403.096936096674,10488.919732181741,10819.277041541534,10223.920320218931,10132.91443863485,10232.907519404016,9724.121465431283,10617.149666254109,9098.876009945168,10076.232268061636
2021-06-17 21:00:00+00:00,10399.942092446607,10484.900988989333,10819.277041541534,10222.402517321036,10111.610401311,10216.297315037664,9720.284832141479,10617.149666254109,9104.881868697608,10064.034916326904
2021-06-17 22:00:00+00:00,10411.772756134356,10502.985333355165,10825.44619951078,10223.616759639353,10111.610401311,10227.42726495811,9727.60931387656,10617.149666254109,9110.287141574803,10064.034916326904
2021-06-17 23:00:00+00:00,10414.138888871907,10495.751595608834,10831.64635827384,10222.402517321036,10111.610401311,10242.710181266786,9725.865389653922,10617.149666254109,9101.878939321388,10076.232268061636
2021-06-18 08:00:00+00:00,10397.575959709056,10484.097240350853,10831.64635827384,10229.99153181051,10111.610401311,10271.780945984374,9725.865389653922,10610.403978956228,9101.878939321388,10076.232268061636
2021-06-18 09:00:00+00:00,10407.040490659256,10488.919732181741,10813.076882778472,10229.99153181051,10111.610401311,10266.132911696384,9725.865389653922,10633.592279042688,9095.873080568948,10076.232268061636
2021-06-18 10:00:00+00:00,10406.251779746739,10488.919732181741,10813.076882778472,10236.062743402088,10111.610401311,10244.537486477606,9731.097162321836,10597.755815272705,9076.0537466859,10076.232268061636
2021-06-18 11:00:00+00:00,10375.492054158585,10466.414770304262,10803.776644633881,10203.58176138714,10111.610401311,10232.90918059057,9678.779435642686,10596.350463752313,9046.024452923706,10044.519153551333
2021-06-18 12:00:00+00:00,10343.154906745394,10440.69481387286,10766.575692055514,10181.421839077877,10070.621931839964,10198.522618896053,9681.569714398907,10585.810327349376,9053.832069301876,9951.209412780638
2021-06-18 13:00:00+00:00,10350.253304958045,10455.564163684765,10828.298272541788,10122.227526059984,10040.804585254145,10242.37794395573,9584.959800313189,10783.683821420507,8937.018116566936,9970.725175556208
2021-06-18 14:00:00+00:00,10310.817759332205,10469.629764858188,10848.634793284627,10110.349200581059,10018.81533035555,10237.726621600914,9509.270001202241,10801.812856033557,8892.274468861266,9909.128549295814
2021-06-18 15:00:00+00:00,10307.662915682138,10447.928551619192,10832.390377325408,10075.934537674195,10002.22475937918,10267.629640782701,9549.72904316745,10732.810096382333,8933.714894253095,9938.402193459171
2021-06-18 16:00:00+00:00,10328.169399407576,10483.293491712371,10829.383300325324,10091.264346942931,10042.88100214731,10406.636070542869,9547.287549255758,10765.955311990767,8894.376519424619,9926.814709311177
2021-06-18 17:00:00+00:00,10328.169399407576,10474.850112265125,10819.95905900547,10088.8358623063,10038.728168360984,10346.700459627982,9570.830526261372,10711.027147816263,8877.013581771318,9921.935768617283
2021-06-18 18:00:00+00:00,10328.169399407576,10460.788529834894,10793.112681569355,10051.801471597668,10024.816175176791,10269.621403462495,9540.660637209732,10540.558008392767,8869.452205601998,9932.913385178541
2021-06-18 19:00:00+00:00,10328.169399407576,10419.395474953102,10808.023753386578,10003.535339444616,9969.375844129341,10354.50803643785,9552.8681067682,10464.950096595701,8881.463923106874,9874.975964438567
2021-06-18 20:00:00+00:00,10328.169399407576,10408.544868333605,10795.18942474704,10014.463520309457,9983.412422327123,10332.580373908011,9558.099879436115,10467.760799636486,8877.86040785541,9882.294375479405
2021-06-18 21:00:00+00:00,10328.169399407576,10409.348616972085,10792.30635092222,10038.141245516616,9975.231339768063,10332.580373908011,9541.358206898787,10489.684283354594,8858.641659847606,9882.294375479405
2021-06-18 22:00:00+00:00,10327.38413748007,10406.5354967374,10797.57648587082,10017.499126105247,9976.020378187462,10325.93562768685,9541.358206898787,10466.355448116094,8857.440488097118,9863.998347877308
2021-06-18 23:00:00+00:00,10327.38413748007,10404.522106398006,10794.47640648929,10015.981323207352,9977.183171647635,10315.137915077461,9541.358206898787,10443.167148029634,8857.440488097118,9887.1733161733
2021-06-21 08:00:00+00:00,10386.873677442512,10463.601650069579,10819.277041541534,10042.998214789877,9987.565256113448,10421.453854616064,9541.358206898787,10512.02937252882,8888.670953609802,9887.1733161733
2021-06-21 09:00:00+00:00,10390.839646773344,10486.910360585536,10837.877517830717,10042.998214789877,9987.565256113448,10399.027836119638,9541.358206898787,10533.109645334693,8924.706106124437,9887.1733161733
2021-06-21 10:00:00+00:00,10388.460065174846,10478.069125562242,10837.877517830717,10059.9976072463,9987.565256113448,10399.027836119638,9541.358206898787,10470.009362069111,8924.706106124437,9887.1733161733
2021-06-21 11:00:00+00:00,10359.905085992874,10462.797901431097,10822.377120923064,10047.855184063143,10009.243048478069,10353.345205849146,9541.358206898787,10399.601250897495,8918.700247371997,9917.05682792339
2021-06-21 12:00:00+00:00,10351.973147331213,10442.704185469063,10806.876724015412,10032.977680057978,9992.99508628907,10382.415970566732,9541.358206898787,10357.200390175762,8951.732470510413,9940.231796219381
2021-06-21 13:00:00+00:00,10343.644611736472,10460.386655515653,10755.911728990988,10008.695869297457,10019.168736510766,10228.922332857874,9541.358206898787,10177.41517552359,8972.746970285196,9984.142262464413
2021-06-21 14:00:00+00:00,10411.248524949791,10559.24773804886,10747.6214967089,10079.273704049563,10098.404389870484,10209.8087203527,9541.358206898787,10153.382259173375,9064.042029181022,9992.680408678725
2021-06-21 15:00:00+00:00,10439.224472609465,10568.892721710636,10767.218958527183,10079.950644142024,10117.548953625446,10287.894455570691,9541.358206898787,10160.83202758297,9025.604533165413,9989.631070745043
2021-06-21 16:00:00+00:00,10473.728405787679,10525.892169551884,10741.992062559979,10066.675939997036,10083.288074888258,10342.381374584227,9541.358206898787,10164.767011840066,9003.68314871901,9985.642536727784
2021-06-21 17:00:00+00:00,10489.592283110998,10557.24238519585,10732.474818858678,10051.497911018088,10097.303888917108,10435.254992517417,9541.358206898789,10265.390180700102,9033.412149543583,9982.312659704205
2021-06-21 18:00:00+00:00,10469.365839523769,10537.546524809863,10730.95577996173,10079.425484339352,10119.708427194335,10436.23841495815,9532.411140379534,10277.65468341856,8987.167037149802,9982.312659704205
2021-06-21 19:00:00+00:00,10493.954849374912,10552.733355333969,10707.550180631173,10086.710938249245,10117.341311936128,10313.144491211111,9535.50820186697,10360.251408326532,9032.81156366834,9982.312659704205
2021-06-21 20:00:00+00:00,10491.575267776414,10554.425246217972,10707.550180631173,10088.22874114714,10117.341311936128,10298.858286835612,9535.50820186697,10353.92732648477,9038.817422420778,9982.312659704205
2021-06-21 21:00:00+00:00,10495.541237107242,10555.228994856452,10707.674183806435,10085.496695930931,10117.341311936128,10307.662575578652,9549.961155474994,10335.65775671968,9047.225624674193,9982.312659704205
2021-06-21 22:00:00+00:00,10494.748043241078,10559.24773804886,10710.774263187965,10085.496695930931,10117.46589694972,10307.662575578652,9549.272919588899,10315.280159674003,9046.024452923706,9982.312659704205
2021-06-21 23:00:00+00:00,10505.852757367398,10569.294596029877,10710.74326239415,10092.478589261247,10117.341311936128,10320.121474743331,9548.240565759754,10348.305920403203,9051.429725800901,9982.312659704205
2021-06-22 08:00:00+00:00,10442.397248074127,10541.16339368303,10710.74326239415,10063.033213042088,10117.341311936128,10243.70689319996,9548.240565759754,10303.053601446596,9051.429725800901,9982.312659704205
2021-06-22 09:00:00+00:00,10455.881543798947,10549.200880067843,10710.74326239415,10072.140030429458,10117.341311936128,10266.299030351913,9514.861125284073,10312.750526937298,9034.613321294071,9982.312659704205
2021-06-22 10:00:00+00:00,10473.331808854597,10554.425246217972,10689.073707517251,10094.907073897879,10117.341311936128,10315.968508355105,9535.164083923919,10375.5697398988,9020.79984616346,9982.312659704205
2021-06-22 11:00:00+00:00,10509.81872669823,10584.565820161022,10735.760903003102,10119.191920264195,10132.91443863485,10356.501460304198,9540.325853069644,10427.708281305326,9034.012735418826,9982.312659704205
2021-06-22 12:00:00+00:00,10484.436522980921,10569.294596029877,10711.39427906427,10089.139422885879,10114.226686596385,10277.42898027236,9552.714099019382,10343.246654929793,9050.829139925656,9982.312659704205
2021-06-22 13:00:00+00:00,10460.24411006286,10612.69702250787,10783.796633019916,10144.083887789668,10093.919329381253,10293.70860851421,9521.055248258943,10427.851627160408,8963.143602140046,9982.312659704205
2021-06-22 14:00:00+00:00,10492.36846164258,10596.95158668002,10809.635794664973,10105.228133603563,10062.108622577996,10314.152831450172,9546.519976044512,10585.529257045298,9032.81156366834,9982.312659704205
2021-06-22 15:00:00+00:00,10505.852757367398,10619.92674151101,10849.59612790084,10165.636688939772,10069.234470071953,10371.286020646285,9532.067022436486,10585.950862501415,9014.193401535778,9982.312659704205
2021-06-22 16:00:00+00:00,10563.628998578924,10632.388864150664,10892.144407404408,10175.044031300926,10112.648194474203,10410.214266382965,9518.302304714556,10606.813305821628,9014.193401535778,9982.312659704205
2021-06-22 17:00:00+00:00,10565.738894262926,10632.790738469903,10866.305245759351,10212.8403590643,10120.455937275874,10377.098512403247,9524.152309746376,10568.243433344482,9039.418008296021,9982.312659704205
2021-06-22 18:00:00+00:00,10594.293873444898,10654.692888868522,10911.41140076062,10253.669257017667,10130.838021741687,10396.369937631174,9526.217017404666,10560.44373240631,9048.426796424681,9982.312659704205
2021-06-22 19:00:00+00:00,10626.418225024616,10670.165050159287,10867.328271955257,10294.042814101667,10160.364669962464,10357.165934926314,9529.314078892101,10615.463244429639,9021.400432038705,9982.312659704205
2021-06-22 20:00:00+00:00,10627.211418890782,10670.165050159287,10867.142267192365,10291.614329465036,10160.364669962464,10361.651138625599,9529.314078892101,10618.69555292654,9029.80863429212,9982.312659704205
2021-06-22 21:00:00+00:00,10626.418225024616,10679.810033821064,10875.047469615267,10314.988494092615,10160.364669962464,10357.332053581842,9529.314078892101,10619.117158382656,9021.406437897458,9982.312659704205
2021-06-22 22:00:00+00:00,10627.211418890782,10682.623154055747,10873.37342674924,10314.077812353877,10160.364669962464,10365.970223669354,9528.625843006002,10613.917357757207,9026.805704915902,9982.312659704205
2021-06-22 23:00:00+00:00,10634.350163686275,10689.856891802081,10878.178549790613,10333.80925002651,10160.364669962464,10366.63469829147,9537.228791582209,10623.052142639752,9031.610391917851,9970.747080063105
2021-06-23 08:00:00+00:00,10624.831837292284,10687.847520205876,10878.178549790613,10314.381372933456,10160.364669962464,10399.027836119638,9537.228791582209,10652.564524567975,9158.334011594316,9970.747080063105
2021-06-23 09:00:00+00:00,10627.211418890782,10685.436274290432,10878.178549790613,10314.381372933456,10160.364669962464,10425.60682100429,9537.228791582209,10638.51100936406,9092.87015119273,9970.747080063105
2021-06-23 10:00:00+00:00,10633.55696982011,10698.296252506134,10878.178549790613,10320.756145104615,10165.597240533234,10418.962074783127,9537.228791582209,10638.51100936406,9094.071322943217,9970.747080063105
2021-06-23 11:00:00+00:00,10635.143357552442,10702.716870017783,10881.278629172144,10296.471298738299,10165.597240533234,10448.032839500715,9532.067022436486,10652.564524567975,9052.030311676144,9976.83422724263
2021-06-23 12:00:00+00:00,10632.763775953945,10700.667310989655,10886.083752213517,10298.596222795351,10166.137108925457,10503.516470447421,9528.625843006002,10680.671554975806,9066.444372681999,9958.572785704053
2021-06-23 13:00:00+00:00,10636.33314835169,10696.507911785515,10895.06468218181,10376.307731167562,10219.750193106922,10752.029979118908,9492.493458985939,10693.741324115446,9026.805704915902,9934.832911703903
2021-06-23 14:00:00+00:00,10609.761153835132,10643.641345089403,10823.834158232383,10346.558794368824,10170.663697752552,10838.245561338494,9497.655228131662,10694.092661995546,9051.429725800901,9912.310467139658
2021-06-23 15:00:00+00:00,10607.381572236634,10663.735061051437,10842.86864563498,10369.629398416826,10174.027493119476,10790.569507201652,9483.95933399834,10738.572037615939,9035.213907169315,9897.701313908796
2021-06-23 16:00:00+00:00,10606.984975303552,10646.796058495442,10834.312426541957,10342.30894625472,10150.356340537419,10820.304746541355,9483.202274523634,10723.745579075809,9080.257847812607,9904.421524394993
2021-06-23 17:00:00+00:00,10624.831837292284,10660.92194081675,10876.55100811531,10363.813177712093,10141.220106207502,10855.372394723541,9475.287561833526,10732.247955774175,9106.983919260962,9932.398052832092
2021-06-23 18:00:00+00:00,10623.245449559954,10659.51538069941,10865.375221944892,10376.91485232672,10142.964296397759,10874.125529746218,9459.802254396353,10730.350731221646,9107.884798073828,9902.571031652418
2021-06-23 19:00:00+00:00,10605.001990638137,10660.520066497511,10861.159113986012,10338.969779879351,10143.504164789982,10906.852566071999,9450.511069934051,10713.13517509685,9107.884798073828,9899.527458062654
2021-06-23 20:00:00+00:00,10597.070051976478,10660.72100365713,10863.918184635573,10345.037955865135,10149.899528820924,10997.054996024282,9461.522844111594,10712.854104792772,9115.117104689556,9899.527458062654
2021-06-23 21:00:00+00:00,10603.415602905807,10656.907216367537,10860.663101284967,10351.415763642088,10149.899528820924,11007.022115356027,9439.15861899289,10699.081659892934,9112.706335817646,9909.875608267848
2021-06-23 22:00:00+00:00,10601.829215173473,10663.333186732194,10858.183037779743,10351.415763642088,10149.899528820924,10998.051707957457,9458.76990056721,10698.660054436818,9112.706335817646,9907.440749396037
2021-06-23 23:00:00+00:00,10601.036021307309,10665.94536980726,10861.128113192195,10347.469476107563,10143.296523100666,11013.666861577189,9458.76990056721,10701.189687173523,9118.130565779442,9907.440749396037
2021-06-24 08:00:00+00:00,10645.454877812599,10706.73561321019,10861.128113192195,10390.878638987351,10143.296523100666,11226.298740654394,9497.655228131662,10803.639813010066,9118.130565779442,9907.440749396037
2021-06-24 09:00:00+00:00,10647.041265544929,10721.604963022095,10912.248422193634,10390.878638987351,10143.296523100666,11181.446703661548,9497.655228131662,10785.932383853133,9174.783634269314,9907.440749396037
2021-06-24 10:00:00+00:00,10656.559591938922,10722.006837341336,10912.248422193634,10390.878638987351,10143.296523100666,11214.504316111832,9497.655228131662,10778.34348564302,9188.042863064817,9922.049902626899
2021-06-24 11:00:00+00:00,10663.698336734415,10714.371225275763,10896.128009409675,10384.81699003216,10143.296523100666,11209.354637790431,9490.772869270697,10803.639813010066,9166.948635435609,9922.049902626899
2021-06-24 12:00:00+00:00,10680.355407923898,10711.156230721836,10895.228986389031,10381.180000659047,10195.2484737676,11189.088161815884,9484.23462835278,10800.126434209087,9160.319021037858,9922.049902626899
2021-06-24 13:00:00+00:00,10651.800428741924,10722.408711660575,10894.63997130654,10395.727958151505,10182.37468902999,11314.923043379153,9448.446362275761,10856.129692296692,9119.335950215398,9983.530089140108
2021-06-24 14:00:00+00:00,10634.746760619359,10723.690690738955,10808.778932723919,10424.2177082409,10182.74844407076,11395.739769294045,9451.543423763196,10823.10393156749,9159.113636601904,9938.819993106492
2021-06-24 15:00:00+00:00,10628.401209690031,10736.144775892222,10836.699487665735,10422.399213554343,10183.869709193068,11526.973507162007,9454.984603193678,10854.821310031206,9157.305559947972,9909.881695415026
2021-06-24 16:00:00+00:00,10584.275834915223,10706.93655036981,10751.075295147863,10408.654424548447,10175.564041620417,11457.120612512037,9476.319915662669,10823.074419185561,9194.06978524459,9925.093476216663
2021-06-24 17:00:00+00:00,10604.20879677197,10706.73561321019,10690.902754352355,10401.334983435056,10172.94775633503,11365.670631456727,9496.79493327404,10772.522519645558,9213.958628437842,9928.137049806424
2021-06-24 18:00:00+00:00,10586.36193478324,10708.34311048715,10681.246007078887,10397.546452838062,10182.35392486106,11394.327760722048,9494.902284587275,10813.758343956886,9210.342475129979,9925.939589674615
2021-06-24 19:00:00+00:00,10581.20617465316,10715.576848233484,10692.421793249305,10401.183442211177,10174.442776498108,11291.251134966262,9480.1052130362,10796.191449951992,9191.056324154704,9944.572347191144
2021-06-24 20:00:00+00:00,10581.999368519326,10730.044323726148,10684.423588444955,10402.092689554454,10174.442776498108,11287.76264320015,9484.922864238875,10795.910379647914,9233.244779413119,9944.572347191144
2021-06-24 21:00:00+00:00,10581.20617465316,10737.278061472482,10692.173786898782,10404.82043158429,10174.442776498108,11287.76264320015,9483.890510409732,10804.76409422638,9236.258240503004,9944.572347191144
2021-06-24 22:00:00+00:00,10578.826593054662,10735.670564195518,10686.283636073875,10410.88208053948,10174.442776498108,11287.76264320015,9509.011120252253,10801.53178572948,9238.669009374915,9940.311344165477
2021-06-24 23:00:00+00:00,10576.447011456165,10729.240575087668,10685.84962496046,10403.911184241011,10174.442776498108,11287.76264320015,9508.667002309205,10794.505028127522,9245.298623772665,9940.311344165477
2021-06-25 08:00:00+00:00,10574.860623723833,10744.511799218813,10726.274660095618,10426.945450270734,10174.442776498108,11387.068472905725,9508.667002309205,10852.124440463576,9275.433234671535,9940.311344165477
2021-06-25 09:00:00+00:00,10574.860623723833,10739.287433068685,10736.194914116515,10421.489966211064,10174.442776498108,11436.72138775851,9508.667002309205,10865.334744755255,9296.52746230074,9940.311344165477
2021-06-25 10:00:00+00:00,10574.860623723833,10742.50242762261,10736.194914116515,10421.489966211064,10174.442776498108,11392.530293539532,9508.667002309205,10836.243968283152,9281.460156851306,9940.311344165477
2021-06-25 11:00:00+00:00,10565.351569584855,10724.016208937539,10707.674183806435,10410.88208053948,10174.442776498108,11329.14007224414,9498.343464017757,10816.990652453787,9233.654610121343,9940.311344165477
2021-06-25 12:00:00+00:00,10584.369677862813,10726.02558053374,10707.674183806435,10415.428317255873,10174.442776498108,11373.165656746944,9512.796417625785,10847.767850750362,9253.736314824348,9940.311344165477
2021-06-25 13:00:00+00:00,10558.615989569744,10681.216593938407,10707.674183806435,10323.609489707127,10174.442776498108,11304.55194880904,9528.969960949053,10680.17968194367,9270.611696927714,9940.311344165477
2021-06-25 14:00:00+00:00,10578.030308436828,10679.006285182582,10684.66624643024,10313.289532360915,10174.442776498108,11314.08034316929,9545.487622215367,10710.826182548848,9254.339007042327,9940.311344165477
2021-06-25 15:00:00+00:00,10568.91746488697,10683.225965534608,10698.926456080468,10329.049819644411,10174.442776498108,11241.173313193782,9561.317047595589,10738.573442967458,9295.322077864786,9940.311344165477
2021-06-25 16:00:00+00:00,10570.153641925039,10654.893826028141,10684.791887043899,10336.32379839064,10174.442776498108,11204.34574624747,9558.5641040512,10694.022394419526,9291.705924556922,9940.311344165477
2021-06-25 17:00:00+00:00,10546.785141378496,10662.127563774475,10683.56689106073,10345.113189375665,10174.442776498108,11120.101300713908,9560.800870681014,10675.752824654435,9295.322077864786,9940.311344165477
2021-06-25 18:00:00+00:00,10539.20167070266,10682.623154055747,10704.329002467779,10356.630322390527,10174.442776498108,11167.970020826318,9552.951540400085,10712.820376356283,9284.473617941194,9940.311344165477
2021-06-25 19:00:00+00:00,10547.918303663391,10650.473208516494,10694.780315829743,10346.325519166703,10186.41613293022,11115.632538377158,9578.522944748,10698.37898413274,9282.665541287262,9940.311344165477
2021-06-25 20:00:00+00:00,10542.371355415651,10653.68820307042,10680.08036403171,10348.14401385326,10185.584649844657,11117.784164687446,9579.555298577145,10686.152425905333,9293.514001210853,9940.311344165477
2021-06-25 21:00:00+00:00,10541.578934237405,10659.31444353979,10677.881653292688,10350.265590987578,10186.540855393056,11105.7019554066,9570.60823205789,10694.725070179722,9292.911308992876,9940.311344165477
2021-06-25 22:00:00+00:00,10540.786513059156,10650.071334197253,10679.452160963418,10346.022436718944,10186.540855393056,11097.591979313978,9583.684713893723,10687.698312577764,9292.911308992876,9940.311344165477
2021-06-25 23:00:00+00:00,10537.616828346161,10650.473208516494,10682.593176304877,10338.748457972715,10186.540855393056,11072.60001217141,9583.684713893723,10698.941124740895,9298.93823117265,9940.311344165477
2021-06-28 08:00:00+00:00,10554.257673089376,10685.436274290432,10682.593176304877,10356.327239942768,10186.540855393056,11083.19263400667,9583.684713893723,10782.559540204194,9281.460156851306,9940.311344165477
2021-06-28 09:00:00+00:00,10551.087988376385,10696.688755229174,10682.593176304877,10356.327239942768,10186.540855393056,11093.123216977228,9609.493559622342,10781.154188683802,9281.460156851306,9940.311344165477
2021-06-28 10:00:00+00:00,10544.748618950396,10689.856891802081,10682.593176304877,10378.452258629213,10221.79573822095,11082.861614574318,9571.296467943986,10766.39799771969,9263.379390311986,9940.311344165477
2021-06-28 11:00:00+00:00,10552.67283073288,10706.73561321019,10720.285360402395,10391.484803882871,10206.454875292302,11094.116275274282,9594.696488071268,10808.558543331437,9260.968621440077,9931.845843902789
2021-06-28 12:00:00+00:00,10547.918303663391,10713.56747663728,10725.625086482876,10395.727958151505,10218.927121575756,11153.699773097627,9594.696488071268,10848.04892105444,9260.3659292221,9931.845843902789
2021-06-28 13:00:00+00:00,10697.535346328455,10760.1848976692,10788.461098388781,10418.15605928571,10129.51358796968,11350.598406946352,9594.696488071268,11132.49206878169,9229.827514537188,9961.475094822195
2021-06-28 14:00:00+00:00,10685.00716750035,10752.147411284386,10787.346037942563,10382.355960556355,10134.968117010978,11388.526613505235,9594.696488071268,11162.1000146133,9244.093239336711,9940.311344165477
2021-06-28 15:00:00+00:00,10688.573062802467,10782.287985227438,10761.998044136983,10376.785305166535,10110.834320452497,11384.67354731266,9594.696488071268,11229.461323688707,9238.066317156938,9936.078594034134
2021-06-28 16:00:00+00:00,10695.213552276187,10771.236441448318,10752.323716885285,10396.031040599264,10117.070443594223,11385.99265975058,9594.696488071268,11239.931192515623,9254.941699260304,9908.868057475496
2021-06-28 17:00:00+00:00,10683.026114554728,10762.12595063113,10745.460598364196,10428.21233490237,10137.712011193338,11317.968166402263,9594.696488071268,11230.445069752981,9280.254772415352,9916.728879147991
2021-06-28 18:00:00+00:00,10705.467482322721,10780.680487950474,10783.388358612325,10604.248682210055,10185.667798153214,11392.530293539532,9594.696488071268,11276.615083252405,9266.392851401873,9888.30898540897
2021-06-28 19:00:00+00:00,10677.875376896114,10799.166706635546,10816.77735169204,10779.412152068191,10192.111792066333,11394.847429565994,9594.696488071268,11234.661124314156,9266.392851401873,9920.356950689144
2021-06-28 20:00:00+00:00,10666.78148040064,10799.166706635546,10817.31132430009,10798.524531223906,10188.661137261242,11390.213157513068,9594.696488071268,11255.038721359833,9266.392851401873,9917.938236328375
2021-06-28 21:00:00+00:00,10675.49811336137,10799.970455274028,10814.17030895863,10820.043385014831,10188.661137261242,11383.261749433677,9594.696488071268,11256.865678336342,9266.392851401873,9917.938236328375
2021-06-28 22:00:00+00:00,10669.951165113633,10792.736717527694,10814.17030895863,10811.253994029805,10177.352967297578,11362.24201547933,9594.696488071268,11221.731890326553,9266.392851401873,9919.752272098951
2021-06-28 23:00:00+00:00,10669.951165113633,10788.316100016047,10814.17030895863,10796.099871641829,10177.352967297578,11360.586918317571,9594.696488071268,11219.342792741889,9266.392851401873,9918.542914918567
2021-06-29 08:00:00+00:00,10640.631581518444,10788.316100016047,10814.17030895863,10801.85843814926,10177.352967297578,11367.207306964609,9594.696488071268,11242.812163132427,9266.392851401873,9918.542914918567
2021-06-29 09:00:00+00:00,10658.064847439908,10788.316100016047,10814.17030895863,10818.224890328274,10177.352967297578,11349.001238185256,9594.696488071268,11272.32454506065,9266.392851401873,9918.542914918567
2021-06-29 10:00:00+00:00,10663.611795687644,10788.316100016047,10814.17030895863,10815.49714829844,10177.352967297578,11348.83572846908,9594.696488071268,11270.919193540258,9266.392851401873,9918.542914918567
2021-06-29 11:00:00+00:00,10659.649689796404,10788.316100016047,10814.17030895863,10799.02461726271,10177.352967297578,11356.9457045617,9594.696488071268,11169.733884072066,9266.392851401873,9930.031808132215
2021-06-29 12:00:00+00:00,10663.611795687644,10788.316100016047,10814.17030895863,10770.64094603003,10185.667798153214,11336.91902890441,9594.69648807127,11168.609602855753,9266.392851401873,9931.241165312598
2021-06-29 13:00:00+00:00,10734.929701729994,10788.316100016047,10829.798131246682,10680.322376597693,10164.880721014126,11295.54159986042,9587.25551939928,11130.7353793812,9266.392851401873,9920.659289984238
2021-06-29 14:00:00+00:00,10777.268765283801,10788.316100016047,10778.878131389532,10622.736711523385,10138.10696565898,11246.385214156162,9580.506733859569,11171.840506001134,9266.392851401873,9923.380343640103
2021-06-29 15:00:00+00:00,10779.3052877119,10788.316100016047,10793.259183292434,10620.008969493549,10159.933396655022,11292.214854565284,9586.390290483932,11170.17656980099,9266.392851401873,9899.193200032425
2021-06-29 16:00:00+00:00,10811.002134841834,10788.316100016047,10845.058424849769,10641.512669162088,10169.578600447561,11254.604426661459,9564.586521817177,11174.09047378528,9266.392851401873,9899.193200032425
2021-06-29 17:00:00+00:00,10807.436239539715,10788.316100016047,10833.080759244875,10678.655423135015,10169.578600447561,11262.275802006216,9547.974126642504,11165.79889981497,9266.392851401873,9899.193200032425
2021-06-29 18:00:00+00:00,10811.968888679297,10788.316100016047,10823.012986293477,10653.954203642614,10169.578600447561,11234.09942792442,9543.128844716559,11179.852415018886,9266.392851401873,9899.193200032425
2021-06-29 19:00:00+00:00,10802.293426092883,10788.316100016047,10835.750839434793,10663.958955243157,10169.578600447561,11267.239438394332,9560.433423023507,11262.065478961791,9266.392851401873,9899.193200032425
2021-06-29 20:00:00+00:00,10810.209713663584,10788.316100016047,10831.541536547156,10668.502161135071,10169.578600447561,11264.591282935517,9559.39514832509,11248.293034061955,9266.392851401873,9899.193200032425
2021-06-29 21:00:00+00:00,10804.662765415846,10788.316100016047,10834.243029445193,10670.01757337387,10169.578600447561,11262.936185773757,9559.39514832509,11258.692635312851,9266.392851401873,9899.193200032425
2021-06-29 22:00:00+00:00,10799.908238346356,10760.490671607753,10831.541536547156,10669.108326030591,10169.578600447561,11264.920647270708,9567.701345912426,11256.864272984823,9266.392851401873,9899.193200032425
2021-06-29 23:00:00+00:00,10810.209713663584,10787.52108777581,10832.672394039359,10672.139150508187,10169.578600447561,11254.826209681136,9567.701345912426,11263.8924359383,9266.392851401873,9899.193200032425
2021-06-30 08:00:00+00:00,10787.229499494382,10764.465732808938,10780.841425646826,10653.348038747095,10169.578600447561,11208.317979435693,9567.701345912426,11233.396307945804,9266.392851401873,9899.193200032425
2021-06-30 09:00:00+00:00,10764.249285325182,10760.490671607753,10780.841425646826,10645.16481265759,10169.578600447561,11188.456813494578,9567.701345912426,11194.608605982998,9266.392851401873,9899.193200032425
2021-06-30 10:00:00+00:00,10761.07960061219,10766.453263409532,10780.841425646826,10645.770977553108,10169.578600447561,11205.007785112173,9567.701345912426,11214.283527268479,9266.392851401873,9899.193200032425
2021-06-30 11:00:00+00:00,10785.644657137887,10768.440794010123,10825.981487210503,10653.348038747095,10169.578600447561,11237.282179766486,9567.009162780148,11228.758647928511,9266.392851401873,9899.193200032425
2021-06-30 12:00:00+00:00,10786.437078316136,10768.440794010123,10818.53667538685,10653.044956299336,10169.578600447561,11241.419922670884,9559.39514832509,11216.953695157223,9266.392851401873,9899.193200032425
2021-06-30 13:00:00+00:00,10792.77644774212,10741.410377842067,10818.53667538685,10590.949424402366,10169.578600447561,11329.14007224414,9607.501876018412,11235.92594068251,9266.392851401873,9899.193200032425
2021-06-30 14:00:00+00:00,10855.377720823739,10775.993410292374,10818.53667538685,10548.633053046182,10169.578600447561,11413.715537210053,9607.501876018412,11233.677378249882,9266.392851401873,9899.193200032425
2021-06-30 15:00:00+00:00,10832.397506654537,10743.397908442657,10818.53667538685,10570.606530508747,10169.578600447561,11407.922697143895,9607.501876018412,11197.840914479897,9266.392851401873,9899.193200032425
2021-06-30 16:00:00+00:00,10833.134458350309,10743.00040232254,10818.53667538685,10565.151046449075,10169.578600447561,11327.170506621645,9607.501876018412,11203.883926017581,9266.392851401873,9899.193200032425
2021-06-30 17:00:00+00:00,10854.981510234615,10751.348030845029,10818.53667538685,10565.151046449075,10169.578600447561,11322.850703029453,9607.501876018412,11234.309786434058,9266.392851401873,9899.193200032425
2021-06-30 18:00:00+00:00,10849.830772575999,10747.174216583784,10818.53667538685,10556.92841964136,10169.578600447561,11324.191331730479,9607.501876018412,11263.611365634222,9266.392851401873,9899.193200032425
2021-06-30 19:00:00+00:00,10849.830772575999,10766.453263409532,10818.53667538685,10538.479791046238,10169.578600447561,11324.191331730479,9607.501876018412,11244.217514652819,9266.392851401873,9899.193200032425
2021-06-30 20:00:00+00:00,10849.830772575999,10775.198398052138,10818.53667538685,10540.298285732795,10169.578600447561,11324.191331730479,9607.501876018412,11244.217514652819,9266.392851401873,9899.193200032425
2021-06-30 21:00:00+00:00,10849.830772575999,10771.620842971071,10818.53667538685,10540.298285732795,10169.578600447561,11324.191331730479,9607.501876018412,11241.968952220193,9266.392851401873,9899.193200032425
2021-06-30 22:00:00+00:00,10849.830772575999,10771.620842971071,10818.53667538685,10547.269182031265,10169.578600447561,11324.191331730479,9607.501876018412,11241.968952220193,9266.392851401873,9899.193200032425
2021-06-30 23:00:00+00:00,10849.830772575999,10771.620842971071,10818.53667538685,10547.269182031265,10169.578600447561,11324.191331730479,9607.501876018412,11241.968952220193,9266.392851401873,9899.193200032425
